file,line,type,commit,author,date,time,timezone,datetime,depth,length
style.css,1,css,9de97534,kgtam-byte,2026-04-17,22:36:06,-07:00,2026-04-17T22:36:06-07:00,0,4
style.css,2,css,9de97534,kgtam-byte,2026-04-17,22:36:06,-07:00,2026-04-17T22:36:06-07:00,1,24
style.css,3,css,9de97534,kgtam-byte,2026-04-17,22:36:06,-07:00,2026-04-17T22:36:06-07:00,0,0
style.css,4,css,43115156,kgtam-byte,2026-04-03,18:10:54,-07:00,2026-04-03T18:10:54-07:00,0,4
style.css,5,css,43115156,kgtam-byte,2026-04-03,18:10:54,-07:00,2026-04-03T18:10:54-07:00,2,43
style.css,6,css,43115156,kgtam-byte,2026-04-03,18:10:54,-07:00,2026-04-03T18:10:54-07:00,4,42
style.css,7,css,43115156,kgtam-byte,2026-04-03,18:10:54,-07:00,2026-04-03T18:10:54-07:00,3,0
style.css,8,css,5973693f,kgtam-byte,2026-04-11,22:36:53,-07:00,2026-04-11T22:36:53-07:00,3,23
style.css,9,css,5973693f,kgtam-byte,2026-04-11,22:36:53,-07:00,2026-04-11T22:36:53-07:00,3,42
style.css,10,css,5973693f,kgtam-byte,2026-04-11,22:36:53,-07:00,2026-04-11T22:36:53-07:00,3,18
style.css,11,css,5973693f,kgtam-byte,2026-04-11,22:36:53,-07:00,2026-04-11T22:36:53-07:00,0,0
style.css,12,css,43115156,kgtam-byte,2026-04-03,18:10:54,-07:00,2026-04-03T18:10:54-07:00,1,0
style.css,13,css,b665f026,kgtam-byte,2026-04-03,22:30:31,-07:00,2026-04-03T22:30:31-07:00,0,0
style.css,14,css,9de97534,kgtam-byte,2026-04-17,22:36:06,-07:00,2026-04-17T22:36:06-07:00,0,15
style.css,15,css,9de97534,kgtam-byte,2026-04-17,22:36:06,-07:00,2026-04-17T22:36:06-07:00,0,13
style.css,16,css,9de97534,kgtam-byte,2026-04-17,22:36:06,-07:00,2026-04-17T22:36:06-07:00,1,17
style.css,17,css,9de97534,kgtam-byte,2026-04-17,22:36:06,-07:00,2026-04-17T22:36:06-07:00,1,8
style.css,18,css,9de97534,kgtam-byte,2026-04-17,22:36:06,-07:00,2026-04-17T22:36:06-07:00,1,10
style.css,19,css,9de97534,kgtam-byte,2026-04-17,22:36:06,-07:00,2026-04-17T22:36:06-07:00,1,13
style.css,20,css,9de97534,kgtam-byte,2026-04-17,22:36:06,-07:00,2026-04-17T22:36:06-07:00,0,0
style.css,21,css,9de97534,kgtam-byte,2026-04-17,22:36:06,-07:00,2026-04-17T22:36:06-07:00,0,0
style.css,22,css,5973693f,kgtam-byte,2026-04-11,22:36:53,-07:00,2026-04-11T22:36:53-07:00,0,16
style.css,23,css,b665f026,kgtam-byte,2026-04-03,22:30:31,-07:00,2026-04-03T22:30:31-07:00,0,3
style.css,24,css,9de97534,kgtam-byte,2026-04-17,22:36:06,-07:00,2026-04-17T22:36:06-07:00,1,39
style.css,25,css,9de97534,kgtam-byte,2026-04-17,22:36:06,-07:00,2026-04-17T22:36:06-07:00,0,0
style.css,26,css,5973693f,kgtam-byte,2026-04-11,22:36:53,-07:00,2026-04-11T22:36:53-07:00,1,14
style.css,27,css,5973693f,kgtam-byte,2026-04-11,22:36:53,-07:00,2026-04-11T22:36:53-07:00,1,5
style.css,28,css,5973693f,kgtam-byte,2026-04-11,22:36:53,-07:00,2026-04-11T22:36:53-07:00,1,6
style.css,29,css,5973693f,kgtam-byte,2026-04-11,22:36:53,-07:00,2026-04-11T22:36:53-07:00,1,10
style.css,30,css,5973693f,kgtam-byte,2026-04-11,22:36:53,-07:00,2026-04-11T22:36:53-07:00,1,12
style.css,31,css,b665f026,kgtam-byte,2026-04-03,22:30:31,-07:00,2026-04-03T22:30:31-07:00,0,0
style.css,32,css,9de97534,kgtam-byte,2026-04-17,22:36:06,-07:00,2026-04-17T22:36:06-07:00,1,12
style.css,33,css,9de97534,kgtam-byte,2026-04-17,22:36:06,-07:00,2026-04-17T22:36:06-07:00,1,69
style.css,34,css,9de97534,kgtam-byte,2026-04-17,22:36:06,-07:00,2026-04-17T22:36:06-07:00,1,17
style.css,35,css,9de97534,kgtam-byte,2026-04-17,22:36:06,-07:00,2026-04-17T22:36:06-07:00,1,39
style.css,36,css,9de97534,kgtam-byte,2026-04-17,22:36:06,-07:00,2026-04-17T22:36:06-07:00,1,43
style.css,37,css,5973693f,kgtam-byte,2026-04-11,22:36:53,-07:00,2026-04-11T22:36:53-07:00,0,0
style.css,38,css,5973693f,kgtam-byte,2026-04-11,22:36:53,-07:00,2026-04-11T22:36:53-07:00,0,0
style.css,39,css,5973693f,kgtam-byte,2026-04-11,22:36:53,-07:00,2026-04-11T22:36:53-07:00,0,5
style.css,40,css,5973693f,kgtam-byte,2026-04-11,22:36:53,-07:00,2026-04-11T22:36:53-07:00,0,6
style.css,41,css,5973693f,kgtam-byte,2026-04-11,22:36:53,-07:00,2026-04-11T22:36:53-07:00,2,16
style.css,42,css,5973693f,kgtam-byte,2026-04-11,22:36:53,-07:00,2026-04-11T22:36:53-07:00,0,0
style.css,43,css,5973693f,kgtam-byte,2026-04-11,22:36:53,-07:00,2026-04-11T22:36:53-07:00,0,0
style.css,44,css,5973693f,kgtam-byte,2026-04-11,22:36:53,-07:00,2026-04-11T22:36:53-07:00,0,5
style.css,45,css,5973693f,kgtam-byte,2026-04-11,22:36:53,-07:00,2026-04-11T22:36:53-07:00,1,6
style.css,46,css,5973693f,kgtam-byte,2026-04-11,22:36:53,-07:00,2026-04-11T22:36:53-07:00,1,20
style.css,47,css,5973693f,kgtam-byte,2026-04-11,22:36:53,-07:00,2026-04-11T22:36:53-07:00,1,13
style.css,48,css,5973693f,kgtam-byte,2026-04-11,22:36:53,-07:00,2026-04-11T22:36:53-07:00,1,17
style.css,49,css,5973693f,kgtam-byte,2026-04-11,22:36:53,-07:00,2026-04-11T22:36:53-07:00,1,13
style.css,50,css,5973693f,kgtam-byte,2026-04-11,22:36:53,-07:00,2026-04-11T22:36:53-07:00,0,0
style.css,51,css,5973693f,kgtam-byte,2026-04-11,22:36:53,-07:00,2026-04-11T22:36:53-07:00,0,0
style.css,52,css,5973693f,kgtam-byte,2026-04-11,22:36:53,-07:00,2026-04-11T22:36:53-07:00,0,13
style.css,53,css,9de97534,kgtam-byte,2026-04-17,22:36:06,-07:00,2026-04-17T22:36:06-07:00,1,39
style.css,54,css,5973693f,kgtam-byte,2026-04-11,22:36:53,-07:00,2026-04-11T22:36:53-07:00,1,20
style.css,55,css,b665f026,kgtam-byte,2026-04-03,22:30:31,-07:00,2026-04-03T22:30:31-07:00,0,0
style.css,56,css,b665f026,kgtam-byte,2026-04-03,22:30:31,-07:00,2026-04-03T22:30:31-07:00,0,0
style.css,57,css,b665f026,kgtam-byte,2026-04-03,22:30:31,-07:00,2026-04-03T22:30:31-07:00,0,11
style.css,58,css,5973693f,kgtam-byte,2026-04-11,22:36:53,-07:00,2026-04-11T22:36:53-07:00,2,45
style.css,59,css,9de97534,kgtam-byte,2026-04-17,22:36:06,-07:00,2026-04-17T22:36:06-07:00,2,69
style.css,60,css,b665f026,kgtam-byte,2026-04-03,22:30:31,-07:00,2026-04-03T22:30:31-07:00,2,17
style.css,61,css,5973693f,kgtam-byte,2026-04-11,22:36:53,-07:00,2026-04-11T22:36:53-07:00,0,0
style.css,62,css,b665f026,kgtam-byte,2026-04-03,22:30:31,-07:00,2026-04-03T22:30:31-07:00,0,0
style.css,63,css,5973693f,kgtam-byte,2026-04-11,22:36:53,-07:00,2026-04-11T22:36:53-07:00,0,4
style.css,64,css,5973693f,kgtam-byte,2026-04-11,22:36:53,-07:00,2026-04-11T22:36:53-07:00,1,23
style.css,65,css,5973693f,kgtam-byte,2026-04-11,22:36:53,-07:00,2026-04-11T22:36:53-07:00,2,32
style.css,66,css,5973693f,kgtam-byte,2026-04-11,22:36:53,-07:00,2026-04-11T22:36:53-07:00,0,0
style.css,67,css,5973693f,kgtam-byte,2026-04-11,22:36:53,-07:00,2026-04-11T22:36:53-07:00,0,0
style.css,68,css,5973693f,kgtam-byte,2026-04-11,22:36:53,-07:00,2026-04-11T22:36:53-07:00,0,14
style.css,69,css,5973693f,kgtam-byte,2026-04-11,22:36:53,-07:00,2026-04-11T22:36:53-07:00,0,4
style.css,70,css,5973693f,kgtam-byte,2026-04-11,22:36:53,-07:00,2026-04-11T22:36:53-07:00,0,7
style.css,71,css,9de97534,kgtam-byte,2026-04-17,22:36:06,-07:00,2026-04-17T22:36:06-07:00,0,5
style.css,72,css,9de97534,kgtam-byte,2026-04-17,22:36:06,-07:00,2026-04-17T22:36:06-07:00,0,6
style.css,73,css,5973693f,kgtam-byte,2026-04-11,22:36:53,-07:00,2026-04-11T22:36:53-07:00,1,12
style.css,74,css,5973693f,kgtam-byte,2026-04-11,22:36:53,-07:00,2026-04-11T22:36:53-07:00,0,0
style.css,75,css,5973693f,kgtam-byte,2026-04-11,22:36:53,-07:00,2026-04-11T22:36:53-07:00,0,0
style.css,76,css,5973693f,kgtam-byte,2026-04-11,22:36:53,-07:00,2026-04-11T22:36:53-07:00,0,4
style.css,77,css,5973693f,kgtam-byte,2026-04-11,22:36:53,-07:00,2026-04-11T22:36:53-07:00,1,12
style.css,78,css,5973693f,kgtam-byte,2026-04-11,22:36:53,-07:00,2026-04-11T22:36:53-07:00,1,30
style.css,79,css,5973693f,kgtam-byte,2026-04-11,22:36:53,-07:00,2026-04-11T22:36:53-07:00,1,7
style.css,80,css,5973693f,kgtam-byte,2026-04-11,22:36:53,-07:00,2026-04-11T22:36:53-07:00,0,0
style.css,81,css,5973693f,kgtam-byte,2026-04-11,22:36:53,-07:00,2026-04-11T22:36:53-07:00,0,0
style.css,82,css,5973693f,kgtam-byte,2026-04-11,22:36:53,-07:00,2026-04-11T22:36:53-07:00,0,5
style.css,83,css,5973693f,kgtam-byte,2026-04-11,22:36:53,-07:00,2026-04-11T22:36:53-07:00,1,12
style.css,84,css,5973693f,kgtam-byte,2026-04-11,22:36:53,-07:00,2026-04-11T22:36:53-07:00,1,29
style.css,85,css,5973693f,kgtam-byte,2026-04-11,22:36:53,-07:00,2026-04-11T22:36:53-07:00,1,18
style.css,86,css,5973693f,kgtam-byte,2026-04-11,22:36:53,-07:00,2026-04-11T22:36:53-07:00,0,0
style.css,87,css,5973693f,kgtam-byte,2026-04-11,22:36:53,-07:00,2026-04-11T22:36:53-07:00,0,0
style.css,88,css,5973693f,kgtam-byte,2026-04-11,22:36:53,-07:00,2026-04-11T22:36:53-07:00,0,4
style.css,89,css,5973693f,kgtam-byte,2026-04-11,22:36:53,-07:00,2026-04-11T22:36:53-07:00,0,8
style.css,90,css,5973693f,kgtam-byte,2026-04-11,22:36:53,-07:00,2026-04-11T22:36:53-07:00,1,13
style.css,91,css,5973693f,kgtam-byte,2026-04-11,22:36:53,-07:00,2026-04-11T22:36:53-07:00,0,0
style.css,92,css,5973693f,kgtam-byte,2026-04-11,22:36:53,-07:00,2026-04-11T22:36:53-07:00,0,0
style.css,93,css,5973693f,kgtam-byte,2026-04-11,22:36:53,-07:00,2026-04-11T22:36:53-07:00,0,6
style.css,94,css,5973693f,kgtam-byte,2026-04-11,22:36:53,-07:00,2026-04-11T22:36:53-07:00,1,18
style.css,95,css,5973693f,kgtam-byte,2026-04-11,22:36:53,-07:00,2026-04-11T22:36:53-07:00,0,0
style.css,96,css,5973693f,kgtam-byte,2026-04-11,22:36:53,-07:00,2026-04-11T22:36:53-07:00,0,0
style.css,97,css,5973693f,kgtam-byte,2026-04-11,22:36:53,-07:00,2026-04-11T22:36:53-07:00,0,11
style.css,98,css,5973693f,kgtam-byte,2026-04-11,22:36:53,-07:00,2026-04-11T22:36:53-07:00,0,9
style.css,99,css,5973693f,kgtam-byte,2026-04-11,22:36:53,-07:00,2026-04-11T22:36:53-07:00,1,12
style.css,100,css,5973693f,kgtam-byte,2026-04-11,22:36:53,-07:00,2026-04-11T22:36:53-07:00,1,58
style.css,101,css,5973693f,kgtam-byte,2026-04-11,22:36:53,-07:00,2026-04-11T22:36:53-07:00,1,7
style.css,102,css,5973693f,kgtam-byte,2026-04-11,22:36:53,-07:00,2026-04-11T22:36:53-07:00,0,0
style.css,103,css,5973693f,kgtam-byte,2026-04-11,22:36:53,-07:00,2026-04-11T22:36:53-07:00,0,0
style.css,104,css,5973693f,kgtam-byte,2026-04-11,22:36:53,-07:00,2026-04-11T22:36:53-07:00,0,17
style.css,105,css,5973693f,kgtam-byte,2026-04-11,22:36:53,-07:00,2026-04-11T22:36:53-07:00,1,12
style.css,106,css,5973693f,kgtam-byte,2026-04-11,22:36:53,-07:00,2026-04-11T22:36:53-07:00,1,26
style.css,107,css,5973693f,kgtam-byte,2026-04-11,22:36:53,-07:00,2026-04-11T22:36:53-07:00,1,15
style.css,108,css,5973693f,kgtam-byte,2026-04-11,22:36:53,-07:00,2026-04-11T22:36:53-07:00,0,0
style.css,109,css,5973693f,kgtam-byte,2026-04-11,22:36:53,-07:00,2026-04-11T22:36:53-07:00,0,0
style.css,110,css,5973693f,kgtam-byte,2026-04-11,22:36:53,-07:00,2026-04-11T22:36:53-07:00,0,12
style.css,111,css,5973693f,kgtam-byte,2026-04-11,22:36:53,-07:00,2026-04-11T22:36:53-07:00,1,8
style.css,112,css,5973693f,kgtam-byte,2026-04-11,22:36:53,-07:00,2026-04-11T22:36:53-07:00,0,0
style.css,113,css,5973693f,kgtam-byte,2026-04-11,22:36:53,-07:00,2026-04-11T22:36:53-07:00,0,0
style.css,114,css,59ef4dd0,kgtam-byte,2026-05-01,23:17:50,-07:00,2026-05-01T23:17:50-07:00,0,13
style.css,115,css,59ef4dd0,kgtam-byte,2026-05-01,23:17:50,-07:00,2026-05-01T23:17:50-07:00,2,10
style.css,116,css,59ef4dd0,kgtam-byte,2026-05-01,23:17:50,-07:00,2026-05-01T23:17:50-07:00,2,30
style.css,117,css,59ef4dd0,kgtam-byte,2026-05-01,23:17:50,-07:00,2026-05-01T23:17:50-07:00,2,34
style.css,118,css,59ef4dd0,kgtam-byte,2026-05-01,23:17:50,-07:00,2026-05-01T23:17:50-07:00,0,0
style.css,119,css,59ef4dd0,kgtam-byte,2026-05-01,23:17:50,-07:00,2026-05-01T23:17:50-07:00,0,0
style.css,120,css,59ef4dd0,kgtam-byte,2026-05-01,23:17:50,-07:00,2026-05-01T23:17:50-07:00,0,14
style.css,121,css,59ef4dd0,kgtam-byte,2026-05-01,23:17:50,-07:00,2026-05-01T23:17:50-07:00,1,14
style.css,122,css,59ef4dd0,kgtam-byte,2026-05-01,23:17:50,-07:00,2026-05-01T23:17:50-07:00,1,16
style.css,123,css,59ef4dd0,kgtam-byte,2026-05-01,23:17:50,-07:00,2026-05-01T23:17:50-07:00,0,0
style.css,124,css,59ef4dd0,kgtam-byte,2026-05-01,23:17:50,-07:00,2026-05-01T23:17:50-07:00,1,16
style.css,125,css,59ef4dd0,kgtam-byte,2026-05-01,23:17:50,-07:00,2026-05-01T23:17:50-07:00,0,0
style.css,126,css,59ef4dd0,kgtam-byte,2026-05-01,23:17:50,-07:00,2026-05-01T23:17:50-07:00,0,0
style.css,127,css,59ef4dd0,kgtam-byte,2026-05-01,23:17:50,-07:00,2026-05-01T23:17:50-07:00,0,18
style.css,128,css,59ef4dd0,kgtam-byte,2026-05-01,23:17:50,-07:00,2026-05-01T23:17:50-07:00,0,7
style.css,129,css,59ef4dd0,kgtam-byte,2026-05-01,23:17:50,-07:00,2026-05-01T23:17:50-07:00,1,12
style.css,130,css,59ef4dd0,kgtam-byte,2026-05-01,23:17:50,-07:00,2026-05-01T23:17:50-07:00,1,57
style.css,131,css,59ef4dd0,kgtam-byte,2026-05-01,23:17:50,-07:00,2026-05-01T23:17:50-07:00,1,9
style.css,132,css,59ef4dd0,kgtam-byte,2026-05-01,23:17:50,-07:00,2026-05-01T23:17:50-07:00,1,21
style.css,133,css,59ef4dd0,kgtam-byte,2026-05-01,23:17:50,-07:00,2026-05-01T23:17:50-07:00,1,11
style.css,134,css,59ef4dd0,kgtam-byte,2026-05-01,23:17:50,-07:00,2026-05-01T23:17:50-07:00,1,16
style.css,135,css,59ef4dd0,kgtam-byte,2026-05-01,23:17:50,-07:00,2026-05-01T23:17:50-07:00,0,0
style.css,136,css,59ef4dd0,kgtam-byte,2026-05-01,23:17:50,-07:00,2026-05-01T23:17:50-07:00,0,0
style.css,137,css,59ef4dd0,kgtam-byte,2026-05-01,23:17:50,-07:00,2026-05-01T23:17:50-07:00,0,12
style.css,138,css,59ef4dd0,kgtam-byte,2026-05-01,23:17:50,-07:00,2026-05-01T23:17:50-07:00,1,12
style.css,139,css,59ef4dd0,kgtam-byte,2026-05-01,23:17:50,-07:00,2026-05-01T23:17:50-07:00,1,18
style.css,140,css,59ef4dd0,kgtam-byte,2026-05-01,23:17:50,-07:00,2026-05-01T23:17:50-07:00,1,9
style.css,141,css,59ef4dd0,kgtam-byte,2026-05-01,23:17:50,-07:00,2026-05-01T23:17:50-07:00,0,0
style.css,142,css,59ef4dd0,kgtam-byte,2026-05-01,23:17:50,-07:00,2026-05-01T23:17:50-07:00,0,0
style.css,143,css,59ef4dd0,kgtam-byte,2026-05-01,23:17:50,-07:00,2026-05-01T23:17:50-07:00,0,7
style.css,144,css,59ef4dd0,kgtam-byte,2026-05-01,23:17:50,-07:00,2026-05-01T23:17:50-07:00,1,20
style.css,145,css,59ef4dd0,kgtam-byte,2026-05-01,23:17:50,-07:00,2026-05-01T23:17:50-07:00,1,9
style.css,146,css,59ef4dd0,kgtam-byte,2026-05-01,23:17:50,-07:00,2026-05-01T23:17:50-07:00,1,10
style.css,147,css,59ef4dd0,kgtam-byte,2026-05-01,23:17:50,-07:00,2026-05-01T23:17:50-07:00,1,17
style.css,148,css,59ef4dd0,kgtam-byte,2026-05-01,23:17:50,-07:00,2026-05-01T23:17:50-07:00,1,29
style.css,149,css,59ef4dd0,kgtam-byte,2026-05-01,23:17:50,-07:00,2026-05-01T23:17:50-07:00,0,0
style.css,150,css,59ef4dd0,kgtam-byte,2026-05-01,23:17:50,-07:00,2026-05-01T23:17:50-07:00,0,0
style.css,151,css,59ef4dd0,kgtam-byte,2026-05-01,23:17:50,-07:00,2026-05-01T23:17:50-07:00,0,10
style.css,152,css,59ef4dd0,kgtam-byte,2026-05-01,23:17:50,-07:00,2026-05-01T23:17:50-07:00,1,12
style.css,153,css,59ef4dd0,kgtam-byte,2026-05-01,23:17:50,-07:00,2026-05-01T23:17:50-07:00,1,18
style.css,154,css,59ef4dd0,kgtam-byte,2026-05-01,23:17:50,-07:00,2026-05-01T23:17:50-07:00,1,7
style.css,155,css,59ef4dd0,kgtam-byte,2026-05-01,23:17:50,-07:00,2026-05-01T23:17:50-07:00,1,16
style.css,156,css,59ef4dd0,kgtam-byte,2026-05-01,23:17:50,-07:00,2026-05-01T23:17:50-07:00,0,0
style.css,157,css,59ef4dd0,kgtam-byte,2026-05-01,23:17:50,-07:00,2026-05-01T23:17:50-07:00,0,0
style.css,158,css,59ef4dd0,kgtam-byte,2026-05-01,23:17:50,-07:00,2026-05-01T23:17:50-07:00,0,14
style.css,159,css,59ef4dd0,kgtam-byte,2026-05-01,23:17:50,-07:00,2026-05-01T23:17:50-07:00,1,13
style.css,160,css,59ef4dd0,kgtam-byte,2026-05-01,23:17:50,-07:00,2026-05-01T23:17:50-07:00,0,0
style.css,161,css,59ef4dd0,kgtam-byte,2026-05-01,23:17:50,-07:00,2026-05-01T23:17:50-07:00,0,0
style.css,162,css,59ef4dd0,kgtam-byte,2026-05-01,23:17:50,-07:00,2026-05-01T23:17:50-07:00,0,18
style.css,163,css,59ef4dd0,kgtam-byte,2026-05-01,23:17:50,-07:00,2026-05-01T23:17:50-07:00,1,6
style.css,164,css,59ef4dd0,kgtam-byte,2026-05-01,23:17:50,-07:00,2026-05-01T23:17:50-07:00,1,8
style.css,165,css,59ef4dd0,kgtam-byte,2026-05-01,23:17:50,-07:00,2026-05-01T23:17:50-07:00,0,0
style.css,166,css,59ef4dd0,kgtam-byte,2026-05-01,23:17:50,-07:00,2026-05-01T23:17:50-07:00,0,0
style.css,167,css,59ef4dd0,kgtam-byte,2026-05-01,23:17:50,-07:00,2026-05-01T23:17:50-07:00,0,27
style.css,168,css,59ef4dd0,kgtam-byte,2026-05-01,23:17:50,-07:00,2026-05-01T23:17:50-07:00,0,14
style.css,169,css,59ef4dd0,kgtam-byte,2026-05-01,23:17:50,-07:00,2026-05-01T23:17:50-07:00,1,17
style.css,170,css,59ef4dd0,kgtam-byte,2026-05-01,23:17:50,-07:00,2026-05-01T23:17:50-07:00,2,16
style.css,171,css,59ef4dd0,kgtam-byte,2026-05-01,23:17:50,-07:00,2026-05-01T23:17:50-07:00,3,11
style.css,172,css,59ef4dd0,kgtam-byte,2026-05-01,23:17:50,-07:00,2026-05-01T23:17:50-07:00,2,0
style.css,173,css,59ef4dd0,kgtam-byte,2026-05-01,23:17:50,-07:00,2026-05-01T23:17:50-07:00,1,0
style.css,174,css,59ef4dd0,kgtam-byte,2026-05-01,23:17:50,-07:00,2026-05-01T23:17:50-07:00,0,0
style.css,175,css,59ef4dd0,kgtam-byte,2026-05-01,23:17:50,-07:00,2026-05-01T23:17:50-07:00,0,0
style.css,176,css,59ef4dd0,kgtam-byte,2026-05-01,23:17:50,-07:00,2026-05-01T23:17:50-07:00,0,19
style.css,177,css,59ef4dd0,kgtam-byte,2026-05-01,23:17:50,-07:00,2026-05-01T23:17:50-07:00,1,16
style.css,178,css,59ef4dd0,kgtam-byte,2026-05-01,23:17:50,-07:00,2026-05-01T23:17:50-07:00,0,0
style.css,179,css,59ef4dd0,kgtam-byte,2026-05-01,23:17:50,-07:00,2026-05-01T23:17:50-07:00,0,0
style.css,180,css,59ef4dd0,kgtam-byte,2026-05-01,23:17:50,-07:00,2026-05-01T23:17:50-07:00,0,0
style.css,181,css,5973693f,kgtam-byte,2026-04-11,22:36:53,-07:00,2026-04-11T22:36:53-07:00,0,8
style.css,182,css,5973693f,kgtam-byte,2026-04-11,22:36:53,-07:00,2026-04-11T22:36:53-07:00,0,7
style.css,183,css,5973693f,kgtam-byte,2026-04-11,22:36:53,-07:00,2026-04-11T22:36:53-07:00,1,11
style.css,184,css,5973693f,kgtam-byte,2026-04-11,22:36:53,-07:00,2026-04-11T22:36:53-07:00,1,18
style.css,185,css,5973693f,kgtam-byte,2026-04-11,22:36:53,-07:00,2026-04-11T22:36:53-07:00,1,34
style.css,186,css,5973693f,kgtam-byte,2026-04-11,22:36:53,-07:00,2026-04-11T22:36:53-07:00,1,19
style.css,187,css,5973693f,kgtam-byte,2026-04-11,22:36:53,-07:00,2026-04-11T22:36:53-07:00,1,34
style.css,188,css,5973693f,kgtam-byte,2026-04-11,22:36:53,-07:00,2026-04-11T22:36:53-07:00,0,0
style.css,189,css,5973693f,kgtam-byte,2026-04-11,22:36:53,-07:00,2026-04-11T22:36:53-07:00,0,0
style.css,190,css,5973693f,kgtam-byte,2026-04-11,22:36:53,-07:00,2026-04-11T22:36:53-07:00,0,13
style.css,191,css,5973693f,kgtam-byte,2026-04-11,22:36:53,-07:00,2026-04-11T22:36:53-07:00,1,34
style.css,192,css,5973693f,kgtam-byte,2026-04-11,22:36:53,-07:00,2026-04-11T22:36:53-07:00,1,26
style.css,193,css,5973693f,kgtam-byte,2026-04-11,22:36:53,-07:00,2026-04-11T22:36:53-07:00,1,24
style.css,194,css,5973693f,kgtam-byte,2026-04-11,22:36:53,-07:00,2026-04-11T22:36:53-07:00,0,0
style.css,195,css,5973693f,kgtam-byte,2026-04-11,22:36:53,-07:00,2026-04-11T22:36:53-07:00,0,0
style.css,196,css,5973693f,kgtam-byte,2026-04-11,22:36:53,-07:00,2026-04-11T22:36:53-07:00,0,0
style.css,197,css,5973693f,kgtam-byte,2026-04-11,22:36:53,-07:00,2026-04-11T22:36:53-07:00,0,7
style.css,198,css,43115156,kgtam-byte,2026-04-03,18:10:54,-07:00,2026-04-03T18:10:54-07:00,0,3
style.css,199,css,43115156,kgtam-byte,2026-04-03,18:10:54,-07:00,2026-04-03T18:10:54-07:00,2,11
style.css,200,css,c58be3cf,kgtam-byte,2026-04-03,18:18:31,-07:00,2026-04-03T18:18:31-07:00,2,11
style.css,201,css,b5a1b699,kgtam-byte,2026-04-03,22:10:42,-07:00,2026-04-03T22:10:42-07:00,0,0
style.css,202,css,b665f026,kgtam-byte,2026-04-03,22:30:31,-07:00,2026-04-03T22:30:31-07:00,0,0
style.css,203,css,5a428b77,kgtam-byte,2026-04-25,22:03:40,-07:00,2026-04-25T22:03:40-07:00,0,15
style.css,204,css,5a428b77,kgtam-byte,2026-04-25,22:03:40,-07:00,2026-04-25T22:03:40-07:00,0,17
style.css,205,css,5a428b77,kgtam-byte,2026-04-25,22:03:40,-07:00,2026-04-25T22:03:40-07:00,1,12
style.css,206,css,5a428b77,kgtam-byte,2026-04-25,22:03:40,-07:00,2026-04-25T22:03:40-07:00,1,36
style.css,207,css,5a428b77,kgtam-byte,2026-04-25,22:03:40,-07:00,2026-04-25T22:03:40-07:00,1,8
style.css,208,css,5a428b77,kgtam-byte,2026-04-25,22:03:40,-07:00,2026-04-25T22:03:40-07:00,1,17
style.css,209,css,5a428b77,kgtam-byte,2026-04-25,22:03:40,-07:00,2026-04-25T22:03:40-07:00,0,0
style.css,210,css,5a428b77,kgtam-byte,2026-04-25,22:03:40,-07:00,2026-04-25T22:03:40-07:00,0,0
style.css,211,css,5a428b77,kgtam-byte,2026-04-25,22:03:40,-07:00,2026-04-25T22:03:40-07:00,0,17
style.css,212,css,5a428b77,kgtam-byte,2026-04-25,22:03:40,-07:00,2026-04-25T22:03:40-07:00,1,10
style.css,213,css,5a428b77,kgtam-byte,2026-04-25,22:03:40,-07:00,2026-04-25T22:03:40-07:00,1,16
style.css,214,css,5a428b77,kgtam-byte,2026-04-25,22:03:40,-07:00,2026-04-25T22:03:40-07:00,1,10
style.css,215,css,5a428b77,kgtam-byte,2026-04-25,22:03:40,-07:00,2026-04-25T22:03:40-07:00,0,0
style.css,216,css,5a428b77,kgtam-byte,2026-04-25,22:03:40,-07:00,2026-04-25T22:03:40-07:00,0,0
style.css,217,css,5a428b77,kgtam-byte,2026-04-25,22:03:40,-07:00,2026-04-25T22:03:40-07:00,0,17
style.css,218,css,5a428b77,kgtam-byte,2026-04-25,22:03:40,-07:00,2026-04-25T22:03:40-07:00,1,10
style.css,219,css,5a428b77,kgtam-byte,2026-04-25,22:03:40,-07:00,2026-04-25T22:03:40-07:00,1,8
style.css,220,css,5a428b77,kgtam-byte,2026-04-25,22:03:40,-07:00,2026-04-25T22:03:40-07:00,1,16
style.css,221,css,5a428b77,kgtam-byte,2026-04-25,22:03:40,-07:00,2026-04-25T22:03:40-07:00,1,16
style.css,222,css,5a428b77,kgtam-byte,2026-04-25,22:03:40,-07:00,2026-04-25T22:03:40-07:00,0,0
style.css,223,css,5a428b77,kgtam-byte,2026-04-25,22:03:40,-07:00,2026-04-25T22:03:40-07:00,0,0
style.css,224,css,5a428b77,kgtam-byte,2026-04-25,22:03:40,-07:00,2026-04-25T22:03:40-07:00,0,0
index.js,1,js,5a428b77,kgtam-byte,2026-04-25,22:03:40,-07:00,2026-04-25T22:03:40-07:00,0,72
index.js,2,js,5a428b77,kgtam-byte,2026-04-25,22:03:40,-07:00,2026-04-25T22:03:40-07:00,0,0
index.js,3,js,5a428b77,kgtam-byte,2026-04-25,22:03:40,-07:00,2026-04-25T22:03:40-07:00,0,54
index.js,4,js,5a428b77,kgtam-byte,2026-04-25,22:03:40,-07:00,2026-04-25T22:03:40-07:00,0,42
index.js,5,js,5a428b77,kgtam-byte,2026-04-25,22:03:40,-07:00,2026-04-25T22:03:40-07:00,0,60
index.js,6,js,5a428b77,kgtam-byte,2026-04-25,22:03:40,-07:00,2026-04-25T22:03:40-07:00,0,0
index.js,7,js,5a428b77,kgtam-byte,2026-04-25,22:03:40,-07:00,2026-04-25T22:03:40-07:00,0,54
index.js,8,js,5a428b77,kgtam-byte,2026-04-25,22:03:40,-07:00,2026-04-25T22:03:40-07:00,0,0
index.js,9,js,5a428b77,kgtam-byte,2026-04-25,22:03:40,-07:00,2026-04-25T22:03:40-07:00,0,53
index.js,10,js,5a428b77,kgtam-byte,2026-04-25,22:03:40,-07:00,2026-04-25T22:03:40-07:00,0,60
index.js,11,js,5a428b77,kgtam-byte,2026-04-25,22:03:40,-07:00,2026-04-25T22:03:40-07:00,0,0
index.js,12,js,5a428b77,kgtam-byte,2026-04-25,22:03:40,-07:00,2026-04-25T22:03:40-07:00,0,17
index.js,13,js,5a428b77,kgtam-byte,2026-04-25,22:03:40,-07:00,2026-04-25T22:03:40-07:00,2,24
index.js,14,js,5a428b77,kgtam-byte,2026-04-25,22:03:40,-07:00,2026-04-25T22:03:40-07:00,5,2
index.js,15,js,5a428b77,kgtam-byte,2026-04-25,22:03:40,-07:00,2026-04-25T22:03:40-07:00,6,55
index.js,16,js,5a428b77,kgtam-byte,2026-04-25,22:03:40,-07:00,2026-04-25T22:03:40-07:00,6,55
index.js,17,js,5a428b77,kgtam-byte,2026-04-25,22:03:40,-07:00,2026-04-25T22:03:40-07:00,6,49
index.js,18,js,5a428b77,kgtam-byte,2026-04-25,22:03:40,-07:00,2026-04-25T22:03:40-07:00,6,49
index.js,19,js,5a428b77,kgtam-byte,2026-04-25,22:03:40,-07:00,2026-04-25T22:03:40-07:00,5,3
index.js,20,js,5a428b77,kgtam-byte,2026-04-25,22:03:40,-07:00,2026-04-25T22:03:40-07:00,3,0
index.js,21,js,5a428b77,kgtam-byte,2026-04-25,22:03:40,-07:00,2026-04-25T22:03:40-07:00,1,0
index.html,1,html,b2616f59,kgtam-byte,2026-04-03,15:58:22,-07:00,2026-04-03T15:58:22-07:00,0,13
index.html,2,html,b2616f59,kgtam-byte,2026-04-03,15:58:22,-07:00,2026-04-03T15:58:22-07:00,0,14
index.html,3,html,b2616f59,kgtam-byte,2026-04-03,15:58:22,-07:00,2026-04-03T15:58:22-07:00,0,4
index.html,4,html,b2616f59,kgtam-byte,2026-04-03,15:58:22,-07:00,2026-04-03T15:58:22-07:00,2,20
index.html,5,html,b2616f59,kgtam-byte,2026-04-03,15:58:22,-07:00,2026-04-03T15:58:22-07:00,2,68
index.html,6,html,b2616f59,kgtam-byte,2026-04-03,15:58:22,-07:00,2026-04-03T15:58:22-07:00,2,49
index.html,7,html,43115156,kgtam-byte,2026-04-03,18:10:54,-07:00,2026-04-03T18:10:54-07:00,2,38
index.html,8,html,5a428b77,kgtam-byte,2026-04-25,22:03:40,-07:00,2026-04-25T22:03:40-07:00,2,48
index.html,9,html,b2616f59,kgtam-byte,2026-04-03,15:58:22,-07:00,2026-04-03T15:58:22-07:00,0,5
index.html,10,html,b2616f59,kgtam-byte,2026-04-03,15:58:22,-07:00,2026-04-03T15:58:22-07:00,0,4
index.html,11,html,96e2e92c,kgtam-byte,2026-04-03,21:18:21,-07:00,2026-04-03T21:18:21-07:00,2,48
index.html,12,html,96e2e92c,kgtam-byte,2026-04-03,21:18:21,-07:00,2026-04-03T21:18:21-07:00,2,91
index.html,13,html,61b9a123,kgtam-byte,2026-04-03,16:42:06,-07:00,2026-04-03T16:42:06-07:00,2,66
index.html,14,html,61b9a123,kgtam-byte,2026-04-03,16:42:06,-07:00,2026-04-03T16:42:06-07:00,2,2
index.html,15,html,b5a1b699,kgtam-byte,2026-04-03,22:10:42,-07:00,2026-04-03T22:10:42-07:00,4,30
index.html,16,html,96e2e92c,kgtam-byte,2026-04-03,21:18:21,-07:00,2026-04-03T21:18:21-07:00,4,2
index.html,17,html,96e2e92c,kgtam-byte,2026-04-03,21:18:21,-07:00,2026-04-03T21:18:21-07:00,6,70
index.html,18,html,96e2e92c,kgtam-byte,2026-04-03,21:18:21,-07:00,2026-04-03T21:18:21-07:00,4,3
index.html,19,html,61b9a123,kgtam-byte,2026-04-03,16:42:06,-07:00,2026-04-03T16:42:06-07:00,2,3
index.html,20,html,43115156,kgtam-byte,2026-04-03,18:10:54,-07:00,2026-04-03T18:10:54-07:00,0,0
index.html,21,html,61b9a123,kgtam-byte,2026-04-03,16:42:06,-07:00,2026-04-03T16:42:06-07:00,2,2
index.html,22,html,b8dd0b32,kgtam-byte,2026-04-03,17:54:06,-07:00,2026-04-03T17:54:06-07:00,2,25
index.html,23,html,61b9a123,kgtam-byte,2026-04-03,16:42:06,-07:00,2026-04-03T16:42:06-07:00,2,69
index.html,24,html,96e2e92c,kgtam-byte,2026-04-03,21:18:21,-07:00,2026-04-03T21:18:21-07:00,2,71
index.html,25,html,43115156,kgtam-byte,2026-04-03,18:10:54,-07:00,2026-04-03T18:10:54-07:00,0,0
index.html,26,html,5a428b77,kgtam-byte,2026-04-25,22:03:40,-07:00,2026-04-25T22:03:40-07:00,2,22
index.html,27,html,5a428b77,kgtam-byte,2026-04-25,22:03:40,-07:00,2026-04-25T22:03:40-07:00,2,20
index.html,28,html,5a428b77,kgtam-byte,2026-04-25,22:03:40,-07:00,2026-04-25T22:03:40-07:00,4,28
index.html,29,html,5a428b77,kgtam-byte,2026-04-25,22:03:40,-07:00,2026-04-25T22:03:40-07:00,2,4
index.html,30,html,5a428b77,kgtam-byte,2026-04-25,22:03:40,-07:00,2026-04-25T22:03:40-07:00,0,0
index.html,31,html,5a428b77,kgtam-byte,2026-04-25,22:03:40,-07:00,2026-04-25T22:03:40-07:00,2,19
index.html,32,html,5a428b77,kgtam-byte,2026-04-25,22:03:40,-07:00,2026-04-25T22:03:40-07:00,2,22
index.html,33,html,5a428b77,kgtam-byte,2026-04-25,22:03:40,-07:00,2026-04-25T22:03:40-07:00,4,31
index.html,34,html,5a428b77,kgtam-byte,2026-04-25,22:03:40,-07:00,2026-04-25T22:03:40-07:00,2,4
index.html,35,html,5a428b77,kgtam-byte,2026-04-25,22:03:40,-07:00,2026-04-25T22:03:40-07:00,0,0
index.html,36,html,5a428b77,kgtam-byte,2026-04-25,22:03:40,-07:00,2026-04-25T22:03:40-07:00,2,46
index.html,37,html,5a428b77,kgtam-byte,2026-04-25,22:03:40,-07:00,2026-04-25T22:03:40-07:00,0,0
index.html,38,html,9de97534,kgtam-byte,2026-04-17,22:36:06,-07:00,2026-04-17T22:36:06-07:00,2,8
index.html,39,html,43115156,kgtam-byte,2026-04-03,18:10:54,-07:00,2026-04-03T18:10:54-07:00,4,2
index.html,40,html,5973693f,kgtam-byte,2026-04-11,22:36:53,-07:00,2026-04-11T22:36:53-07:00,6,55
index.html,41,html,c58be3cf,kgtam-byte,2026-04-03,18:18:31,-07:00,2026-04-03T18:18:31-07:00,6,51
index.html,42,html,c58be3cf,kgtam-byte,2026-04-03,18:18:31,-07:00,2026-04-03T18:18:31-07:00,6,49
index.html,43,html,b5a1b699,kgtam-byte,2026-04-03,22:10:42,-07:00,2026-04-03T22:10:42-07:00,6,47
index.html,44,html,c58be3cf,kgtam-byte,2026-04-03,18:18:31,-07:00,2026-04-03T18:18:31-07:00,6,82
index.html,45,html,43115156,kgtam-byte,2026-04-03,18:10:54,-07:00,2026-04-03T18:10:54-07:00,4,3
index.html,46,html,9de97534,kgtam-byte,2026-04-17,22:36:06,-07:00,2026-04-17T22:36:06-07:00,2,8
index.html,47,html,43115156,kgtam-byte,2026-04-03,18:10:54,-07:00,2026-04-03T18:10:54-07:00,0,0
index.html,48,html,b2616f59,kgtam-byte,2026-04-03,15:58:22,-07:00,2026-04-03T15:58:22-07:00,0,5
index.html,49,html,b2616f59,kgtam-byte,2026-04-03,15:58:22,-07:00,2026-04-03T15:58:22-07:00,0,5
global.js,1,js,9de97534,kgtam-byte,2026-04-17,22:36:06,-07:00,2026-04-17T22:36:06-07:00,0,25
global.js,2,js,9de97534,kgtam-byte,2026-04-17,22:36:06,-07:00,2026-04-17T22:36:06-07:00,0,0
global.js,3,js,9de97534,kgtam-byte,2026-04-17,22:36:06,-07:00,2026-04-17T22:36:06-07:00,0,41
global.js,4,js,9de97534,kgtam-byte,2026-04-17,22:36:06,-07:00,2026-04-17T22:36:06-07:00,1,52
global.js,5,js,9de97534,kgtam-byte,2026-04-17,22:36:06,-07:00,2026-04-17T22:36:06-07:00,0,0
global.js,6,js,9de97534,kgtam-byte,2026-04-17,22:36:06,-07:00,2026-04-17T22:36:06-07:00,0,88
global.js,7,js,9de97534,kgtam-byte,2026-04-17,22:36:06,-07:00,2026-04-17T22:36:06-07:00,1,36
global.js,8,js,cc85ae92,kgtam-byte,2026-04-17,23:22:15,-07:00,2026-04-17T23:22:15-07:00,1,48
global.js,9,js,9de97534,kgtam-byte,2026-04-17,22:36:06,-07:00,2026-04-17T22:36:06-07:00,0,0
global.js,10,js,9de97534,kgtam-byte,2026-04-17,22:36:06,-07:00,2026-04-17T22:36:06-07:00,0,27
global.js,11,js,9de97534,kgtam-byte,2026-04-17,22:36:06,-07:00,2026-04-17T22:36:06-07:00,0,33
global.js,12,js,9de97534,kgtam-byte,2026-04-17,22:36:06,-07:00,2026-04-17T22:36:06-07:00,0,73
global.js,13,js,9de97534,kgtam-byte,2026-04-17,22:36:06,-07:00,2026-04-17T22:36:06-07:00,0,3
global.js,14,js,9de97534,kgtam-byte,2026-04-17,22:36:06,-07:00,2026-04-17T22:36:06-07:00,0,0
global.js,15,js,9de97534,kgtam-byte,2026-04-17,22:36:06,-07:00,2026-04-17T22:36:06-07:00,0,19
global.js,16,js,9de97534,kgtam-byte,2026-04-17,22:36:06,-07:00,2026-04-17T22:36:06-07:00,0,42
global.js,17,js,9de97534,kgtam-byte,2026-04-17,22:36:06,-07:00,2026-04-17T22:36:06-07:00,0,2
global.js,18,js,9de97534,kgtam-byte,2026-04-17,22:36:06,-07:00,2026-04-17T22:36:06-07:00,0,0
global.js,19,js,9de97534,kgtam-byte,2026-04-17,22:36:06,-07:00,2026-04-17T22:36:06-07:00,0,11
global.js,20,js,9de97534,kgtam-byte,2026-04-17,22:36:06,-07:00,2026-04-17T22:36:06-07:00,2,25
global.js,21,js,9de97534,kgtam-byte,2026-04-17,22:36:06,-07:00,2026-04-17T22:36:06-07:00,2,38
global.js,22,js,9de97534,kgtam-byte,2026-04-17,22:36:06,-07:00,2026-04-17T22:36:06-07:00,2,33
global.js,23,js,9de97534,kgtam-byte,2026-04-17,22:36:06,-07:00,2026-04-17T22:36:06-07:00,2,35
global.js,24,js,00000000,Not Committed Yet,2026-05-07,16:36:20,-07:00,2026-05-07T16:36:20-07:00,2,28
global.js,25,js,9de97534,kgtam-byte,2026-04-17,22:36:06,-07:00,2026-04-17T22:36:06-07:00,2,62
global.js,26,js,00000000,Not Committed Yet,2026-05-07,16:36:20,-07:00,2026-05-07T16:36:20-07:00,0,0
global.js,27,js,9de97534,kgtam-byte,2026-04-17,22:36:06,-07:00,2026-04-17T22:36:06-07:00,0,0
global.js,28,js,9de97534,kgtam-byte,2026-04-17,22:36:06,-07:00,2026-04-17T22:36:06-07:00,0,0
global.js,29,js,9de97534,kgtam-byte,2026-04-17,22:36:06,-07:00,2026-04-17T22:36:06-07:00,0,38
global.js,30,js,9de97534,kgtam-byte,2026-04-17,22:36:06,-07:00,2026-04-17T22:36:06-07:00,0,25
global.js,31,js,9de97534,kgtam-byte,2026-04-17,22:36:06,-07:00,2026-04-17T22:36:06-07:00,0,0
global.js,32,js,9de97534,kgtam-byte,2026-04-17,22:36:06,-07:00,2026-04-17T22:36:06-07:00,0,20
global.js,33,js,9de97534,kgtam-byte,2026-04-17,22:36:06,-07:00,2026-04-17T22:36:06-07:00,2,14
global.js,34,js,9de97534,kgtam-byte,2026-04-17,22:36:06,-07:00,2026-04-17T22:36:06-07:00,2,18
global.js,35,js,9de97534,kgtam-byte,2026-04-17,22:36:06,-07:00,2026-04-17T22:36:06-07:00,0,0
global.js,36,js,9de97534,kgtam-byte,2026-04-17,22:36:06,-07:00,2026-04-17T22:36:06-07:00,2,28
global.js,37,js,9de97534,kgtam-byte,2026-04-17,22:36:06,-07:00,2026-04-17T22:36:06-07:00,4,20
global.js,38,js,9de97534,kgtam-byte,2026-04-17,22:36:06,-07:00,2026-04-17T22:36:06-07:00,2,0
global.js,39,js,9de97534,kgtam-byte,2026-04-17,22:36:06,-07:00,2026-04-17T22:36:06-07:00,2,34
global.js,40,js,9de97534,kgtam-byte,2026-04-17,22:36:06,-07:00,2026-04-17T22:36:06-07:00,2,11
global.js,41,js,9de97534,kgtam-byte,2026-04-17,22:36:06,-07:00,2026-04-17T22:36:06-07:00,2,20
global.js,42,js,9de97534,kgtam-byte,2026-04-17,22:36:06,-07:00,2026-04-17T22:36:06-07:00,0,0
global.js,43,js,9de97534,kgtam-byte,2026-04-17,22:36:06,-07:00,2026-04-17T22:36:06-07:00,2,65
global.js,44,js,9de97534,kgtam-byte,2026-04-17,22:36:06,-07:00,2026-04-17T22:36:06-07:00,4,25
global.js,45,js,9de97534,kgtam-byte,2026-04-17,22:36:06,-07:00,2026-04-17T22:36:06-07:00,2,0
global.js,46,js,9de97534,kgtam-byte,2026-04-17,22:36:06,-07:00,2026-04-17T22:36:06-07:00,0,0
global.js,47,js,9de97534,kgtam-byte,2026-04-17,22:36:06,-07:00,2026-04-17T22:36:06-07:00,2,29
global.js,48,js,9de97534,kgtam-byte,2026-04-17,22:36:06,-07:00,2026-04-17T22:36:06-07:00,4,17
global.js,49,js,9de97534,kgtam-byte,2026-04-17,22:36:06,-07:00,2026-04-17T22:36:06-07:00,2,0
global.js,50,js,9de97534,kgtam-byte,2026-04-17,22:36:06,-07:00,2026-04-17T22:36:06-07:00,2,12
global.js,51,js,9de97534,kgtam-byte,2026-04-17,22:36:06,-07:00,2026-04-17T22:36:06-07:00,0,0
global.js,52,js,9de97534,kgtam-byte,2026-04-17,22:36:06,-07:00,2026-04-17T22:36:06-07:00,0,0
global.js,53,js,9de97534,kgtam-byte,2026-04-17,22:36:06,-07:00,2026-04-17T22:36:06-07:00,0,31
global.js,54,js,9de97534,kgtam-byte,2026-04-17,22:36:06,-07:00,2026-04-17T22:36:06-07:00,2,11
global.js,55,js,9de97534,kgtam-byte,2026-04-17,22:36:06,-07:00,2026-04-17T22:36:06-07:00,2,0
global.js,56,js,9de97534,kgtam-byte,2026-04-17,22:36:06,-07:00,2026-04-17T22:36:06-07:00,3,26
global.js,57,js,9de97534,kgtam-byte,2026-04-17,22:36:06,-07:00,2026-04-17T22:36:06-07:00,5,4
global.js,58,js,9de97534,kgtam-byte,2026-04-17,22:36:06,-07:00,2026-04-17T22:36:06-07:00,5,6
global.js,59,js,9de97534,kgtam-byte,2026-04-17,22:36:06,-07:00,2026-04-17T22:36:06-07:00,8,45
global.js,60,js,9de97534,kgtam-byte,2026-04-17,22:36:06,-07:00,2026-04-17T22:36:06-07:00,8,34
global.js,61,js,9de97534,kgtam-byte,2026-04-17,22:36:06,-07:00,2026-04-17T22:36:06-07:00,8,36
global.js,62,js,9de97534,kgtam-byte,2026-04-17,22:36:06,-07:00,2026-04-17T22:36:06-07:00,5,7
global.js,63,js,9de97534,kgtam-byte,2026-04-17,22:36:06,-07:00,2026-04-17T22:36:06-07:00,3,8
global.js,64,js,9de97534,kgtam-byte,2026-04-17,22:36:06,-07:00,2026-04-17T22:36:06-07:00,0,0
global.js,65,js,9de97534,kgtam-byte,2026-04-17,22:36:06,-07:00,2026-04-17T22:36:06-07:00,0,0
global.js,66,js,9de97534,kgtam-byte,2026-04-17,22:36:06,-07:00,2026-04-17T22:36:06-07:00,0,43
global.js,67,js,9de97534,kgtam-byte,2026-04-17,22:36:06,-07:00,2026-04-17T22:36:06-07:00,0,0
global.js,68,js,9de97534,kgtam-byte,2026-04-17,22:36:06,-07:00,2026-04-17T22:36:06-07:00,0,49
global.js,69,js,9de97534,kgtam-byte,2026-04-17,22:36:06,-07:00,2026-04-17T22:36:06-07:00,2,57
global.js,70,js,9de97534,kgtam-byte,2026-04-17,22:36:06,-07:00,2026-04-17T22:36:06-07:00,2,77
global.js,71,js,9de97534,kgtam-byte,2026-04-17,22:36:06,-07:00,2026-04-17T22:36:06-07:00,2,43
global.js,72,js,9de97534,kgtam-byte,2026-04-17,22:36:06,-07:00,2026-04-17T22:36:06-07:00,0,1
global.js,73,js,9de97534,kgtam-byte,2026-04-17,22:36:06,-07:00,2026-04-17T22:36:06-07:00,0,0
global.js,74,js,9de97534,kgtam-byte,2026-04-17,22:36:06,-07:00,2026-04-17T22:36:06-07:00,0,34
global.js,75,js,9de97534,kgtam-byte,2026-04-17,22:36:06,-07:00,2026-04-17T22:36:06-07:00,2,38
global.js,76,js,9de97534,kgtam-byte,2026-04-17,22:36:06,-07:00,2026-04-17T22:36:06-07:00,2,41
global.js,77,js,9de97534,kgtam-byte,2026-04-17,22:36:06,-07:00,2026-04-17T22:36:06-07:00,4,13
global.js,78,js,9de97534,kgtam-byte,2026-04-17,22:36:06,-07:00,2026-04-17T22:36:06-07:00,4,22
global.js,79,js,9de97534,kgtam-byte,2026-04-17,22:36:06,-07:00,2026-04-17T22:36:06-07:00,2,0
global.js,80,js,5a428b77,kgtam-byte,2026-04-25,22:03:40,-07:00,2026-04-25T22:03:40-07:00,0,0
global.js,81,js,5a428b77,kgtam-byte,2026-04-25,22:03:40,-07:00,2026-04-25T22:03:40-07:00,0,0
global.js,82,js,5a428b77,kgtam-byte,2026-04-25,22:03:40,-07:00,2026-04-25T22:03:40-07:00,0,0
global.js,83,js,5a428b77,kgtam-byte,2026-04-25,22:03:40,-07:00,2026-04-25T22:03:40-07:00,0,36
global.js,84,js,5a428b77,kgtam-byte,2026-04-25,22:03:40,-07:00,2026-04-25T22:03:40-07:00,2,3
global.js,85,js,5a428b77,kgtam-byte,2026-04-25,22:03:40,-07:00,2026-04-25T22:03:40-07:00,3,39
global.js,86,js,5a428b77,kgtam-byte,2026-04-25,22:03:40,-07:00,2026-04-25T22:03:40-07:00,3,32
global.js,87,js,5a428b77,kgtam-byte,2026-04-25,22:03:40,-07:00,2026-04-25T22:03:40-07:00,3,20
global.js,88,js,5a428b77,kgtam-byte,2026-04-25,22:03:40,-07:00,2026-04-25T22:03:40-07:00,3,0
global.js,89,js,5a428b77,kgtam-byte,2026-04-25,22:03:40,-07:00,2026-04-25T22:03:40-07:00,3,17
global.js,90,js,5a428b77,kgtam-byte,2026-04-25,22:03:40,-07:00,2026-04-25T22:03:40-07:00,4,66
global.js,91,js,5a428b77,kgtam-byte,2026-04-25,22:03:40,-07:00,2026-04-25T22:03:40-07:00,3,0
global.js,92,js,5a428b77,kgtam-byte,2026-04-25,22:03:40,-07:00,2026-04-25T22:03:40-07:00,3,0
global.js,93,js,5a428b77,kgtam-byte,2026-04-25,22:03:40,-07:00,2026-04-25T22:03:40-07:00,3,33
global.js,94,js,5a428b77,kgtam-byte,2026-04-25,22:03:40,-07:00,2026-04-25T22:03:40-07:00,3,10
global.js,95,js,5a428b77,kgtam-byte,2026-04-25,22:03:40,-07:00,2026-04-25T22:03:40-07:00,3,0
global.js,96,js,5a428b77,kgtam-byte,2026-04-25,22:03:40,-07:00,2026-04-25T22:03:40-07:00,2,15
global.js,97,js,5a428b77,kgtam-byte,2026-04-25,22:03:40,-07:00,2026-04-25T22:03:40-07:00,3,59
global.js,98,js,5a428b77,kgtam-byte,2026-04-25,22:03:40,-07:00,2026-04-25T22:03:40-07:00,2,0
global.js,99,js,5a428b77,kgtam-byte,2026-04-25,22:03:40,-07:00,2026-04-25T22:03:40-07:00,1,0
global.js,100,js,5a428b77,kgtam-byte,2026-04-25,22:03:40,-07:00,2026-04-25T22:03:40-07:00,0,0
global.js,101,js,5a428b77,kgtam-byte,2026-04-25,22:03:40,-07:00,2026-04-25T22:03:40-07:00,1,79
global.js,102,js,5a428b77,kgtam-byte,2026-04-25,22:03:40,-07:00,2026-04-25T22:03:40-07:00,2,30
global.js,103,js,5a428b77,kgtam-byte,2026-04-25,22:03:40,-07:00,2026-04-25T22:03:40-07:00,2,0
global.js,104,js,5a428b77,kgtam-byte,2026-04-25,22:03:40,-07:00,2026-04-25T22:03:40-07:00,2,31
global.js,105,js,5a428b77,kgtam-byte,2026-04-25,22:03:40,-07:00,2026-04-25T22:03:40-07:00,3,48
global.js,106,js,5a428b77,kgtam-byte,2026-04-25,22:03:40,-07:00,2026-04-25T22:03:40-07:00,3,0
global.js,107,js,5a428b77,kgtam-byte,2026-04-25,22:03:40,-07:00,2026-04-25T22:03:40-07:00,3,19
global.js,108,js,5a428b77,kgtam-byte,2026-04-25,22:03:40,-07:00,2026-04-25T22:03:40-07:00,4,23
global.js,109,js,5a428b77,kgtam-byte,2026-04-25,22:03:40,-07:00,2026-04-25T22:03:40-07:00,4,49
global.js,110,js,59ef4dd0,kgtam-byte,2026-05-01,23:17:50,-07:00,2026-05-01T23:17:50-07:00,4,24
global.js,111,js,59ef4dd0,kgtam-byte,2026-05-01,23:17:50,-07:00,2026-05-01T23:17:50-07:00,5,27
global.js,112,js,59ef4dd0,kgtam-byte,2026-05-01,23:17:50,-07:00,2026-05-01T23:17:50-07:00,5,41
global.js,113,js,59ef4dd0,kgtam-byte,2026-05-01,23:17:50,-07:00,2026-05-01T23:17:50-07:00,4,4
global.js,114,js,5a428b77,kgtam-byte,2026-04-25,22:03:40,-07:00,2026-04-25T22:03:40-07:00,2,0
global.js,115,js,59ef4dd0,kgtam-byte,2026-05-01,23:17:50,-07:00,2026-05-01T23:17:50-07:00,4,0
global.js,116,js,5a428b77,kgtam-byte,2026-04-25,22:03:40,-07:00,2026-04-25T22:03:40-07:00,3,36
global.js,117,js,5a428b77,kgtam-byte,2026-04-25,22:03:40,-07:00,2026-04-25T22:03:40-07:00,2,0
global.js,118,js,5a428b77,kgtam-byte,2026-04-25,22:03:40,-07:00,2026-04-25T22:03:40-07:00,1,0
global.js,119,js,5a428b77,kgtam-byte,2026-04-25,22:03:40,-07:00,2026-04-25T22:03:40-07:00,0,0
global.js,120,js,5a428b77,kgtam-byte,2026-04-25,22:03:40,-07:00,2026-04-25T22:03:40-07:00,0,13
global.js,121,js,5a428b77,kgtam-byte,2026-04-25,22:03:40,-07:00,2026-04-25T22:03:40-07:00,0,47
global.js,122,js,5a428b77,kgtam-byte,2026-04-25,22:03:40,-07:00,2026-04-25T22:03:40-07:00,2,22
global.js,123,js,5a428b77,kgtam-byte,2026-04-25,22:03:40,-07:00,2026-04-25T22:03:40-07:00,2,59
global.js,124,js,5a428b77,kgtam-byte,2026-04-25,22:03:40,-07:00,2026-04-25T22:03:40-07:00,1,0
resume/index.html,1,html,b5a1b699,kgtam-byte,2026-04-03,22:10:42,-07:00,2026-04-03T22:10:42-07:00,0,13
resume/index.html,2,html,b5a1b699,kgtam-byte,2026-04-03,22:10:42,-07:00,2026-04-03T22:10:42-07:00,0,14
resume/index.html,3,html,b5a1b699,kgtam-byte,2026-04-03,22:10:42,-07:00,2026-04-03T22:10:42-07:00,0,4
resume/index.html,4,html,b5a1b699,kgtam-byte,2026-04-03,22:10:42,-07:00,2026-04-03T22:10:42-07:00,2,20
resume/index.html,5,html,b5a1b699,kgtam-byte,2026-04-03,22:10:42,-07:00,2026-04-03T22:10:42-07:00,2,68
resume/index.html,6,html,b5a1b699,kgtam-byte,2026-04-03,22:10:42,-07:00,2026-04-03T22:10:42-07:00,2,21
resume/index.html,7,html,f49aa3fc,kgtam-byte,2026-04-03,22:35:10,-07:00,2026-04-03T22:35:10-07:00,2,41
resume/index.html,8,html,5a428b77,kgtam-byte,2026-04-25,22:03:40,-07:00,2026-04-25T22:03:40-07:00,2,48
resume/index.html,9,html,b5a1b699,kgtam-byte,2026-04-03,22:10:42,-07:00,2026-04-03T22:10:42-07:00,0,5
resume/index.html,10,html,b5a1b699,kgtam-byte,2026-04-03,22:10:42,-07:00,2026-04-03T22:10:42-07:00,0,4
resume/index.html,11,html,b5a1b699,kgtam-byte,2026-04-03,22:10:42,-07:00,2026-04-03T22:10:42-07:00,2,13
resume/index.html,12,html,d70c286d,kgtam-byte,2026-04-03,22:37:11,-07:00,2026-04-03T22:37:11-07:00,2,0
resume/index.html,13,html,b5a1b699,kgtam-byte,2026-04-03,22:10:42,-07:00,2026-04-03T22:10:42-07:00,2,22
resume/index.html,14,html,b5a1b699,kgtam-byte,2026-04-03,22:10:42,-07:00,2026-04-03T22:10:42-07:00,0,0
resume/index.html,15,html,b5a1b699,kgtam-byte,2026-04-03,22:10:42,-07:00,2026-04-03T22:10:42-07:00,4,16
resume/index.html,16,html,b5a1b699,kgtam-byte,2026-04-03,22:10:42,-07:00,2026-04-03T22:10:42-07:00,4,7
resume/index.html,17,html,b5a1b699,kgtam-byte,2026-04-03,22:10:42,-07:00,2026-04-03T22:10:42-07:00,6,42
resume/index.html,18,html,b5a1b699,kgtam-byte,2026-04-03,22:10:42,-07:00,2026-04-03T22:10:42-07:00,6,94
resume/index.html,19,html,b5a1b699,kgtam-byte,2026-04-03,22:10:42,-07:00,2026-04-03T22:10:42-07:00,0,0
resume/index.html,20,html,b5a1b699,kgtam-byte,2026-04-03,22:10:42,-07:00,2026-04-03T22:10:42-07:00,6,27
resume/index.html,21,html,b5a1b699,kgtam-byte,2026-04-03,22:10:42,-07:00,2026-04-03T22:10:42-07:00,6,2
resume/index.html,22,html,b5a1b699,kgtam-byte,2026-04-03,22:10:42,-07:00,2026-04-03T22:10:42-07:00,8,33
resume/index.html,23,html,b5a1b699,kgtam-byte,2026-04-03,22:10:42,-07:00,2026-04-03T22:10:42-07:00,8,61
resume/index.html,24,html,b5a1b699,kgtam-byte,2026-04-03,22:10:42,-07:00,2026-04-03T22:10:42-07:00,8,54
resume/index.html,25,html,b5a1b699,kgtam-byte,2026-04-03,22:10:42,-07:00,2026-04-03T22:10:42-07:00,8,65
resume/index.html,26,html,b5a1b699,kgtam-byte,2026-04-03,22:10:42,-07:00,2026-04-03T22:10:42-07:00,8,46
resume/index.html,27,html,b5a1b699,kgtam-byte,2026-04-03,22:10:42,-07:00,2026-04-03T22:10:42-07:00,8,3
resume/index.html,28,html,b5a1b699,kgtam-byte,2026-04-03,22:10:42,-07:00,2026-04-03T22:10:42-07:00,6,3
resume/index.html,29,html,b5a1b699,kgtam-byte,2026-04-03,22:10:42,-07:00,2026-04-03T22:10:42-07:00,0,0
resume/index.html,30,html,5973693f,kgtam-byte,2026-04-11,22:36:53,-07:00,2026-04-11T22:36:53-07:00,6,26
resume/index.html,31,html,b5a1b699,kgtam-byte,2026-04-03,22:10:42,-07:00,2026-04-03T22:10:42-07:00,6,2
resume/index.html,32,html,b5a1b699,kgtam-byte,2026-04-03,22:10:42,-07:00,2026-04-03T22:10:42-07:00,8,2
resume/index.html,33,html,b5a1b699,kgtam-byte,2026-04-03,22:10:42,-07:00,2026-04-03T22:10:42-07:00,10,57
resume/index.html,34,html,b5a1b699,kgtam-byte,2026-04-03,22:10:42,-07:00,2026-04-03T22:10:42-07:00,8,3
resume/index.html,35,html,b5a1b699,kgtam-byte,2026-04-03,22:10:42,-07:00,2026-04-03T22:10:42-07:00,6,3
resume/index.html,36,html,b5a1b699,kgtam-byte,2026-04-03,22:10:42,-07:00,2026-04-03T22:10:42-07:00,0,0
resume/index.html,37,html,b5a1b699,kgtam-byte,2026-04-03,22:10:42,-07:00,2026-04-03T22:10:42-07:00,4,8
resume/index.html,38,html,b5a1b699,kgtam-byte,2026-04-03,22:10:42,-07:00,2026-04-03T22:10:42-07:00,2,8
resume/index.html,39,html,b5a1b699,kgtam-byte,2026-04-03,22:10:42,-07:00,2026-04-03T22:10:42-07:00,0,0
resume/index.html,40,html,b5a1b699,kgtam-byte,2026-04-03,22:10:42,-07:00,2026-04-03T22:10:42-07:00,2,23
resume/index.html,41,html,b5a1b699,kgtam-byte,2026-04-03,22:10:42,-07:00,2026-04-03T22:10:42-07:00,4,17
resume/index.html,42,html,b5a1b699,kgtam-byte,2026-04-03,22:10:42,-07:00,2026-04-03T22:10:42-07:00,4,7
resume/index.html,43,html,b5a1b699,kgtam-byte,2026-04-03,22:10:42,-07:00,2026-04-03T22:10:42-07:00,6,71
resume/index.html,44,html,b5a1b699,kgtam-byte,2026-04-03,22:10:42,-07:00,2026-04-03T22:10:42-07:00,6,23
resume/index.html,45,html,b5a1b699,kgtam-byte,2026-04-03,22:10:42,-07:00,2026-04-03T22:10:42-07:00,6,2
resume/index.html,46,html,b5a1b699,kgtam-byte,2026-04-03,22:10:42,-07:00,2026-04-03T22:10:42-07:00,8,2
resume/index.html,47,html,b5a1b699,kgtam-byte,2026-04-03,22:10:42,-07:00,2026-04-03T22:10:42-07:00,10,73
resume/index.html,48,html,b5a1b699,kgtam-byte,2026-04-03,22:10:42,-07:00,2026-04-03T22:10:42-07:00,10,80
resume/index.html,49,html,b5a1b699,kgtam-byte,2026-04-03,22:10:42,-07:00,2026-04-03T22:10:42-07:00,10,46
resume/index.html,50,html,b5a1b699,kgtam-byte,2026-04-03,22:10:42,-07:00,2026-04-03T22:10:42-07:00,8,3
resume/index.html,51,html,b5a1b699,kgtam-byte,2026-04-03,22:10:42,-07:00,2026-04-03T22:10:42-07:00,8,2
resume/index.html,52,html,b5a1b699,kgtam-byte,2026-04-03,22:10:42,-07:00,2026-04-03T22:10:42-07:00,10,80
resume/index.html,53,html,b5a1b699,kgtam-byte,2026-04-03,22:10:42,-07:00,2026-04-03T22:10:42-07:00,10,80
resume/index.html,54,html,b5a1b699,kgtam-byte,2026-04-03,22:10:42,-07:00,2026-04-03T22:10:42-07:00,10,48
resume/index.html,55,html,b5a1b699,kgtam-byte,2026-04-03,22:10:42,-07:00,2026-04-03T22:10:42-07:00,8,3
resume/index.html,56,html,b5a1b699,kgtam-byte,2026-04-03,22:10:42,-07:00,2026-04-03T22:10:42-07:00,8,2
resume/index.html,57,html,b5a1b699,kgtam-byte,2026-04-03,22:10:42,-07:00,2026-04-03T22:10:42-07:00,10,84
resume/index.html,58,html,b5a1b699,kgtam-byte,2026-04-03,22:10:42,-07:00,2026-04-03T22:10:42-07:00,10,80
resume/index.html,59,html,b5a1b699,kgtam-byte,2026-04-03,22:10:42,-07:00,2026-04-03T22:10:42-07:00,10,23
resume/index.html,60,html,b5a1b699,kgtam-byte,2026-04-03,22:10:42,-07:00,2026-04-03T22:10:42-07:00,8,3
resume/index.html,61,html,b5a1b699,kgtam-byte,2026-04-03,22:10:42,-07:00,2026-04-03T22:10:42-07:00,6,3
resume/index.html,62,html,b5a1b699,kgtam-byte,2026-04-03,22:10:42,-07:00,2026-04-03T22:10:42-07:00,4,8
resume/index.html,63,html,b5a1b699,kgtam-byte,2026-04-03,22:10:42,-07:00,2026-04-03T22:10:42-07:00,2,8
resume/index.html,64,html,b5a1b699,kgtam-byte,2026-04-03,22:10:42,-07:00,2026-04-03T22:10:42-07:00,0,0
resume/index.html,65,html,b5a1b699,kgtam-byte,2026-04-03,22:10:42,-07:00,2026-04-03T22:10:42-07:00,2,23
resume/index.html,66,html,b5a1b699,kgtam-byte,2026-04-03,22:10:42,-07:00,2026-04-03T22:10:42-07:00,4,17
resume/index.html,67,html,5973693f,kgtam-byte,2026-04-11,22:36:53,-07:00,2026-04-11T22:36:53-07:00,4,7
resume/index.html,68,html,b5a1b699,kgtam-byte,2026-04-03,22:10:42,-07:00,2026-04-03T22:10:42-07:00,6,87
resume/index.html,69,html,b5a1b699,kgtam-byte,2026-04-03,22:10:42,-07:00,2026-04-03T22:10:42-07:00,6,14
resume/index.html,70,html,b5a1b699,kgtam-byte,2026-04-03,22:10:42,-07:00,2026-04-03T22:10:42-07:00,6,2
resume/index.html,71,html,b5a1b699,kgtam-byte,2026-04-03,22:10:42,-07:00,2026-04-03T22:10:42-07:00,8,2
resume/index.html,72,html,b5a1b699,kgtam-byte,2026-04-03,22:10:42,-07:00,2026-04-03T22:10:42-07:00,10,73
resume/index.html,73,html,b5a1b699,kgtam-byte,2026-04-03,22:10:42,-07:00,2026-04-03T22:10:42-07:00,10,60
resume/index.html,74,html,b5a1b699,kgtam-byte,2026-04-03,22:10:42,-07:00,2026-04-03T22:10:42-07:00,10,60
resume/index.html,75,html,b5a1b699,kgtam-byte,2026-04-03,22:10:42,-07:00,2026-04-03T22:10:42-07:00,8,3
resume/index.html,76,html,b5a1b699,kgtam-byte,2026-04-03,22:10:42,-07:00,2026-04-03T22:10:42-07:00,8,2
resume/index.html,77,html,b5a1b699,kgtam-byte,2026-04-03,22:10:42,-07:00,2026-04-03T22:10:42-07:00,10,64
resume/index.html,78,html,b5a1b699,kgtam-byte,2026-04-03,22:10:42,-07:00,2026-04-03T22:10:42-07:00,10,67
resume/index.html,79,html,b5a1b699,kgtam-byte,2026-04-03,22:10:42,-07:00,2026-04-03T22:10:42-07:00,10,44
resume/index.html,80,html,b5a1b699,kgtam-byte,2026-04-03,22:10:42,-07:00,2026-04-03T22:10:42-07:00,8,3
resume/index.html,81,html,b5a1b699,kgtam-byte,2026-04-03,22:10:42,-07:00,2026-04-03T22:10:42-07:00,8,2
resume/index.html,82,html,b5a1b699,kgtam-byte,2026-04-03,22:10:42,-07:00,2026-04-03T22:10:42-07:00,10,83
resume/index.html,83,html,b5a1b699,kgtam-byte,2026-04-03,22:10:42,-07:00,2026-04-03T22:10:42-07:00,10,67
resume/index.html,84,html,b5a1b699,kgtam-byte,2026-04-03,22:10:42,-07:00,2026-04-03T22:10:42-07:00,10,47
resume/index.html,85,html,b5a1b699,kgtam-byte,2026-04-03,22:10:42,-07:00,2026-04-03T22:10:42-07:00,8,3
resume/index.html,86,html,b5a1b699,kgtam-byte,2026-04-03,22:10:42,-07:00,2026-04-03T22:10:42-07:00,6,3
resume/index.html,87,html,5973693f,kgtam-byte,2026-04-11,22:36:53,-07:00,2026-04-11T22:36:53-07:00,4,8
resume/index.html,88,html,b5a1b699,kgtam-byte,2026-04-03,22:10:42,-07:00,2026-04-03T22:10:42-07:00,2,8
resume/index.html,89,html,b5a1b699,kgtam-byte,2026-04-03,22:10:42,-07:00,2026-04-03T22:10:42-07:00,0,0
resume/index.html,90,html,b5a1b699,kgtam-byte,2026-04-03,22:10:42,-07:00,2026-04-03T22:10:42-07:00,2,19
resume/index.html,91,html,b5a1b699,kgtam-byte,2026-04-03,22:10:42,-07:00,2026-04-03T22:10:42-07:00,4,13
resume/index.html,92,html,b5a1b699,kgtam-byte,2026-04-03,22:10:42,-07:00,2026-04-03T22:10:42-07:00,4,7
resume/index.html,93,html,b5a1b699,kgtam-byte,2026-04-03,22:10:42,-07:00,2026-04-03T22:10:42-07:00,6,29
resume/index.html,94,html,b5a1b699,kgtam-byte,2026-04-03,22:10:42,-07:00,2026-04-03T22:10:42-07:00,6,2
resume/index.html,95,html,b5a1b699,kgtam-byte,2026-04-03,22:10:42,-07:00,2026-04-03T22:10:42-07:00,8,42
resume/index.html,96,html,b5a1b699,kgtam-byte,2026-04-03,22:10:42,-07:00,2026-04-03T22:10:42-07:00,6,3
resume/index.html,97,html,b5a1b699,kgtam-byte,2026-04-03,22:10:42,-07:00,2026-04-03T22:10:42-07:00,6,28
resume/index.html,98,html,b5a1b699,kgtam-byte,2026-04-03,22:10:42,-07:00,2026-04-03T22:10:42-07:00,6,2
resume/index.html,99,html,b5a1b699,kgtam-byte,2026-04-03,22:10:42,-07:00,2026-04-03T22:10:42-07:00,8,64
resume/index.html,100,html,b5a1b699,kgtam-byte,2026-04-03,22:10:42,-07:00,2026-04-03T22:10:42-07:00,6,3
resume/index.html,101,html,b5a1b699,kgtam-byte,2026-04-03,22:10:42,-07:00,2026-04-03T22:10:42-07:00,4,8
resume/index.html,102,html,b5a1b699,kgtam-byte,2026-04-03,22:10:42,-07:00,2026-04-03T22:10:42-07:00,2,8
resume/index.html,103,html,b5a1b699,kgtam-byte,2026-04-03,22:10:42,-07:00,2026-04-03T22:10:42-07:00,0,0
resume/index.html,104,html,b5a1b699,kgtam-byte,2026-04-03,22:10:42,-07:00,2026-04-03T22:10:42-07:00,2,20
resume/index.html,105,html,b5a1b699,kgtam-byte,2026-04-03,22:10:42,-07:00,2026-04-03T22:10:42-07:00,4,68
resume/index.html,106,html,2297e6e6,kgtam-byte,2026-04-03,22:16:42,-07:00,2026-04-03T22:16:42-07:00,6,2
resume/index.html,107,html,b5a1b699,kgtam-byte,2026-04-03,22:10:42,-07:00,2026-04-03T22:10:42-07:00,6,104
resume/index.html,108,html,2297e6e6,kgtam-byte,2026-04-03,22:16:42,-07:00,2026-04-03T22:16:42-07:00,4,1
resume/index.html,109,html,2297e6e6,kgtam-byte,2026-04-03,22:16:42,-07:00,2026-04-03T22:16:42-07:00,4,6
resume/index.html,110,html,b5a1b699,kgtam-byte,2026-04-03,22:10:42,-07:00,2026-04-03T22:10:42-07:00,4,2
resume/index.html,111,html,b5a1b699,kgtam-byte,2026-04-03,22:10:42,-07:00,2026-04-03T22:10:42-07:00,2,8
resume/index.html,112,html,b5a1b699,kgtam-byte,2026-04-03,22:10:42,-07:00,2026-04-03T22:10:42-07:00,0,0
resume/index.html,113,html,9de97534,kgtam-byte,2026-04-17,22:36:06,-07:00,2026-04-17T22:36:06-07:00,2,8
resume/index.html,114,html,d70c286d,kgtam-byte,2026-04-03,22:37:11,-07:00,2026-04-03T22:37:11-07:00,4,2
resume/index.html,115,html,d70c286d,kgtam-byte,2026-04-03,22:37:11,-07:00,2026-04-03T22:37:11-07:00,6,41
resume/index.html,116,html,d70c286d,kgtam-byte,2026-04-03,22:37:11,-07:00,2026-04-03T22:37:11-07:00,6,54
resume/index.html,117,html,d70c286d,kgtam-byte,2026-04-03,22:37:11,-07:00,2026-04-03T22:37:11-07:00,6,52
resume/index.html,118,html,5973693f,kgtam-byte,2026-04-11,22:36:53,-07:00,2026-04-11T22:36:53-07:00,6,57
resume/index.html,119,html,d70c286d,kgtam-byte,2026-04-03,22:37:11,-07:00,2026-04-03T22:37:11-07:00,6,82
resume/index.html,120,html,d70c286d,kgtam-byte,2026-04-03,22:37:11,-07:00,2026-04-03T22:37:11-07:00,4,3
resume/index.html,121,html,9de97534,kgtam-byte,2026-04-17,22:36:06,-07:00,2026-04-17T22:36:06-07:00,2,8
resume/index.html,122,html,b5a1b699,kgtam-byte,2026-04-03,22:10:42,-07:00,2026-04-03T22:10:42-07:00,0,0
resume/index.html,123,html,b5a1b699,kgtam-byte,2026-04-03,22:10:42,-07:00,2026-04-03T22:10:42-07:00,0,5
resume/index.html,124,html,b5a1b699,kgtam-byte,2026-04-03,22:10:42,-07:00,2026-04-03T22:10:42-07:00,0,5
projects/projects.js,1,js,59ef4dd0,kgtam-byte,2026-05-01,23:17:50,-07:00,2026-05-01T23:17:50-07:00,0,63
projects/projects.js,2,js,5a428b77,kgtam-byte,2026-04-25,22:03:40,-07:00,2026-04-25T22:03:40-07:00,0,55
projects/projects.js,3,js,59ef4dd0,kgtam-byte,2026-05-01,23:17:50,-07:00,2026-05-01T23:17:50-07:00,0,0
projects/projects.js,4,js,5a428b77,kgtam-byte,2026-04-25,22:03:40,-07:00,2026-04-25T22:03:40-07:00,0,55
projects/projects.js,5,js,5a428b77,kgtam-byte,2026-04-25,22:03:40,-07:00,2026-04-25T22:03:40-07:00,0,60
projects/projects.js,6,js,5a428b77,kgtam-byte,2026-04-25,22:03:40,-07:00,2026-04-25T22:03:40-07:00,0,48
projects/projects.js,7,js,5a428b77,kgtam-byte,2026-04-25,22:03:40,-07:00,2026-04-25T22:03:40-07:00,0,0
projects/projects.js,8,js,5a428b77,kgtam-byte,2026-04-25,22:03:40,-07:00,2026-04-25T22:03:40-07:00,0,25
projects/projects.js,9,js,5a428b77,kgtam-byte,2026-04-25,22:03:40,-07:00,2026-04-25T22:03:40-07:00,0,62
projects/projects.js,10,js,5a428b77,kgtam-byte,2026-04-25,22:03:40,-07:00,2026-04-25T22:03:40-07:00,0,18
projects/projects.js,11,js,5a428b77,kgtam-byte,2026-04-25,22:03:40,-07:00,2026-04-25T22:03:40-07:00,1,54
projects/projects.js,12,js,59ef4dd0,kgtam-byte,2026-05-01,23:17:50,-07:00,2026-05-01T23:17:50-07:00,0,0
projects/projects.js,13,js,59ef4dd0,kgtam-byte,2026-05-01,23:17:50,-07:00,2026-05-01T23:17:50-07:00,0,0
projects/projects.js,14,js,59ef4dd0,kgtam-byte,2026-05-01,23:17:50,-07:00,2026-05-01T23:17:50-07:00,0,60
projects/projects.js,15,js,59ef4dd0,kgtam-byte,2026-05-01,23:17:50,-07:00,2026-05-01T23:17:50-07:00,0,0
projects/projects.js,16,js,59ef4dd0,kgtam-byte,2026-05-01,23:17:50,-07:00,2026-05-01T23:17:50-07:00,0,29
projects/projects.js,17,js,59ef4dd0,kgtam-byte,2026-05-01,23:17:50,-07:00,2026-05-01T23:17:50-07:00,0,12
projects/projects.js,18,js,59ef4dd0,kgtam-byte,2026-05-01,23:17:50,-07:00,2026-05-01T23:17:50-07:00,0,19
projects/projects.js,19,js,59ef4dd0,kgtam-byte,2026-05-01,23:17:50,-07:00,2026-05-01T23:17:50-07:00,0,17
projects/projects.js,20,js,59ef4dd0,kgtam-byte,2026-05-01,23:17:50,-07:00,2026-05-01T23:17:50-07:00,0,3
projects/projects.js,21,js,59ef4dd0,kgtam-byte,2026-05-01,23:17:50,-07:00,2026-05-01T23:17:50-07:00,0,0
projects/projects.js,22,js,59ef4dd0,kgtam-byte,2026-05-01,23:17:50,-07:00,2026-05-01T23:17:50-07:00,0,47
projects/projects.js,23,js,59ef4dd0,kgtam-byte,2026-05-01,23:17:50,-07:00,2026-05-01T23:17:50-07:00,0,40
projects/projects.js,24,js,59ef4dd0,kgtam-byte,2026-05-01,23:17:50,-07:00,2026-05-01T23:17:50-07:00,0,4
projects/projects.js,25,js,59ef4dd0,kgtam-byte,2026-05-01,23:17:50,-07:00,2026-05-01T23:17:50-07:00,0,0
projects/projects.js,26,js,59ef4dd0,kgtam-byte,2026-05-01,23:17:50,-07:00,2026-05-01T23:17:50-07:00,0,50
projects/projects.js,27,js,59ef4dd0,kgtam-byte,2026-05-01,23:17:50,-07:00,2026-05-01T23:17:50-07:00,0,0
projects/projects.js,28,js,59ef4dd0,kgtam-byte,2026-05-01,23:17:50,-07:00,2026-05-01T23:17:50-07:00,0,53
projects/projects.js,29,js,59ef4dd0,kgtam-byte,2026-05-01,23:17:50,-07:00,2026-05-01T23:17:50-07:00,0,36
projects/projects.js,30,js,59ef4dd0,kgtam-byte,2026-05-01,23:17:50,-07:00,2026-05-01T23:17:50-07:00,0,48
projects/projects.js,31,js,59ef4dd0,kgtam-byte,2026-05-01,23:17:50,-07:00,2026-05-01T23:17:50-07:00,0,0
projects/projects.js,32,js,59ef4dd0,kgtam-byte,2026-05-01,23:17:50,-07:00,2026-05-01T23:17:50-07:00,0,29
projects/projects.js,33,js,59ef4dd0,kgtam-byte,2026-05-01,23:17:50,-07:00,2026-05-01T23:17:50-07:00,0,30
projects/projects.js,34,js,59ef4dd0,kgtam-byte,2026-05-01,23:17:50,-07:00,2026-05-01T23:17:50-07:00,0,20
projects/projects.js,35,js,59ef4dd0,kgtam-byte,2026-05-01,23:17:50,-07:00,2026-05-01T23:17:50-07:00,0,20
projects/projects.js,36,js,59ef4dd0,kgtam-byte,2026-05-01,23:17:50,-07:00,2026-05-01T23:17:50-07:00,0,32
projects/projects.js,37,js,59ef4dd0,kgtam-byte,2026-05-01,23:17:50,-07:00,2026-05-01T23:17:50-07:00,0,3
projects/projects.js,38,js,59ef4dd0,kgtam-byte,2026-05-01,23:17:50,-07:00,2026-05-01T23:17:50-07:00,0,0
projects/projects.js,39,js,59ef4dd0,kgtam-byte,2026-05-01,23:17:50,-07:00,2026-05-01T23:17:50-07:00,0,35
projects/projects.js,40,js,59ef4dd0,kgtam-byte,2026-05-01,23:17:50,-07:00,2026-05-01T23:17:50-07:00,0,27
projects/projects.js,41,js,59ef4dd0,kgtam-byte,2026-05-01,23:17:50,-07:00,2026-05-01T23:17:50-07:00,0,9
projects/projects.js,42,js,59ef4dd0,kgtam-byte,2026-05-01,23:17:50,-07:00,2026-05-01T23:17:50-07:00,0,18
projects/projects.js,43,js,59ef4dd0,kgtam-byte,2026-05-01,23:17:50,-07:00,2026-05-01T23:17:50-07:00,0,45
projects/projects.js,44,js,59ef4dd0,kgtam-byte,2026-05-01,23:17:50,-07:00,2026-05-01T23:17:50-07:00,0,34
projects/projects.js,45,js,59ef4dd0,kgtam-byte,2026-05-01,23:17:50,-07:00,2026-05-01T23:17:50-07:00,0,76
projects/projects.js,46,js,59ef4dd0,kgtam-byte,2026-05-01,23:17:50,-07:00,2026-05-01T23:17:50-07:00,0,4
projects/projects.js,47,js,59ef4dd0,kgtam-byte,2026-05-01,23:17:50,-07:00,2026-05-01T23:17:50-07:00,0,0
projects/projects.js,48,js,59ef4dd0,kgtam-byte,2026-05-01,23:17:50,-07:00,2026-05-01T23:17:50-07:00,0,38
projects/projects.js,49,js,59ef4dd0,kgtam-byte,2026-05-01,23:17:50,-07:00,2026-05-01T23:17:50-07:00,1,25
projects/projects.js,50,js,59ef4dd0,kgtam-byte,2026-05-01,23:17:50,-07:00,2026-05-01T23:17:50-07:00,1,29
projects/projects.js,51,js,59ef4dd0,kgtam-byte,2026-05-01,23:17:50,-07:00,2026-05-01T23:17:50-07:00,2,12
projects/projects.js,52,js,59ef4dd0,kgtam-byte,2026-05-01,23:17:50,-07:00,2026-05-01T23:17:50-07:00,2,14
projects/projects.js,53,js,59ef4dd0,kgtam-byte,2026-05-01,23:17:50,-07:00,2026-05-01T23:17:50-07:00,2,12
projects/projects.js,54,js,59ef4dd0,kgtam-byte,2026-05-01,23:17:50,-07:00,2026-05-01T23:17:50-07:00,1,0
projects/projects.js,55,js,59ef4dd0,kgtam-byte,2026-05-01,23:17:50,-07:00,2026-05-01T23:17:50-07:00,1,18
projects/projects.js,56,js,59ef4dd0,kgtam-byte,2026-05-01,23:17:50,-07:00,2026-05-01T23:17:50-07:00,1,50
projects/projects.js,57,js,59ef4dd0,kgtam-byte,2026-05-01,23:17:50,-07:00,2026-05-01T23:17:50-07:00,2,35
projects/projects.js,58,js,59ef4dd0,kgtam-byte,2026-05-01,23:17:50,-07:00,2026-05-01T23:17:50-07:00,1,1
projects/projects.js,59,js,59ef4dd0,kgtam-byte,2026-05-01,23:17:50,-07:00,2026-05-01T23:17:50-07:00,0,0
projects/projects.js,60,js,59ef4dd0,kgtam-byte,2026-05-01,23:17:50,-07:00,2026-05-01T23:17:50-07:00,1,57
projects/projects.js,61,js,59ef4dd0,kgtam-byte,2026-05-01,23:17:50,-07:00,2026-05-01T23:17:50-07:00,1,47
projects/projects.js,62,js,59ef4dd0,kgtam-byte,2026-05-01,23:17:50,-07:00,2026-05-01T23:17:50-07:00,0,0
projects/projects.js,63,js,59ef4dd0,kgtam-byte,2026-05-01,23:17:50,-07:00,2026-05-01T23:17:50-07:00,1,53
projects/projects.js,64,js,59ef4dd0,kgtam-byte,2026-05-01,23:17:50,-07:00,2026-05-01T23:17:50-07:00,1,42
projects/projects.js,65,js,59ef4dd0,kgtam-byte,2026-05-01,23:17:50,-07:00,2026-05-01T23:17:50-07:00,1,51
projects/projects.js,66,js,59ef4dd0,kgtam-byte,2026-05-01,23:17:50,-07:00,2026-05-01T23:17:50-07:00,0,0
projects/projects.js,67,js,59ef4dd0,kgtam-byte,2026-05-01,23:17:50,-07:00,2026-05-01T23:17:50-07:00,1,33
projects/projects.js,68,js,59ef4dd0,kgtam-byte,2026-05-01,23:17:50,-07:00,2026-05-01T23:17:50-07:00,1,36
projects/projects.js,69,js,59ef4dd0,kgtam-byte,2026-05-01,23:17:50,-07:00,2026-05-01T23:17:50-07:00,1,29
projects/projects.js,70,js,59ef4dd0,kgtam-byte,2026-05-01,23:17:50,-07:00,2026-05-01T23:17:50-07:00,0,0
projects/projects.js,71,js,59ef4dd0,kgtam-byte,2026-05-01,23:17:50,-07:00,2026-05-01T23:17:50-07:00,1,53
projects/projects.js,72,js,59ef4dd0,kgtam-byte,2026-05-01,23:17:50,-07:00,2026-05-01T23:17:50-07:00,1,27
projects/projects.js,73,js,59ef4dd0,kgtam-byte,2026-05-01,23:17:50,-07:00,2026-05-01T23:17:50-07:00,2,1
projects/projects.js,74,js,59ef4dd0,kgtam-byte,2026-05-01,23:17:50,-07:00,2026-05-01T23:17:50-07:00,2,13
projects/projects.js,75,js,59ef4dd0,kgtam-byte,2026-05-01,23:17:50,-07:00,2026-05-01T23:17:50-07:00,2,13
projects/projects.js,76,js,59ef4dd0,kgtam-byte,2026-05-01,23:17:50,-07:00,2026-05-01T23:17:50-07:00,2,22
projects/projects.js,77,js,59ef4dd0,kgtam-byte,2026-05-01,23:17:50,-07:00,2026-05-01T23:17:50-07:00,2,18
projects/projects.js,78,js,59ef4dd0,kgtam-byte,2026-05-01,23:17:50,-07:00,2026-05-01T23:17:50-07:00,3,43
projects/projects.js,79,js,59ef4dd0,kgtam-byte,2026-05-01,23:17:50,-07:00,2026-05-01T23:17:50-07:00,2,0
projects/projects.js,80,js,59ef4dd0,kgtam-byte,2026-05-01,23:17:50,-07:00,2026-05-01T23:17:50-07:00,3,1
projects/projects.js,81,js,59ef4dd0,kgtam-byte,2026-05-01,23:17:50,-07:00,2026-05-01T23:17:50-07:00,4,16
projects/projects.js,82,js,59ef4dd0,kgtam-byte,2026-05-01,23:17:50,-07:00,2026-05-01T23:17:50-07:00,4,66
projects/projects.js,83,js,59ef4dd0,kgtam-byte,2026-05-01,23:17:50,-07:00,2026-05-01T23:17:50-07:00,3,0
projects/projects.js,84,js,59ef4dd0,kgtam-byte,2026-05-01,23:17:50,-07:00,2026-05-01T23:17:50-07:00,3,4
projects/projects.js,85,js,59ef4dd0,kgtam-byte,2026-05-01,23:17:50,-07:00,2026-05-01T23:17:50-07:00,4,14
projects/projects.js,86,js,59ef4dd0,kgtam-byte,2026-05-01,23:17:50,-07:00,2026-05-01T23:17:50-07:00,4,66
projects/projects.js,87,js,59ef4dd0,kgtam-byte,2026-05-01,23:17:50,-07:00,2026-05-01T23:17:50-07:00,0,0
projects/projects.js,88,js,59ef4dd0,kgtam-byte,2026-05-01,23:17:50,-07:00,2026-05-01T23:17:50-07:00,3,25
projects/projects.js,89,js,59ef4dd0,kgtam-byte,2026-05-01,23:17:50,-07:00,2026-05-01T23:17:50-07:00,4,53
projects/projects.js,90,js,59ef4dd0,kgtam-byte,2026-05-01,23:17:50,-07:00,2026-05-01T23:17:50-07:00,3,6
projects/projects.js,91,js,59ef4dd0,kgtam-byte,2026-05-01,23:17:50,-07:00,2026-05-01T23:17:50-07:00,4,52
projects/projects.js,92,js,59ef4dd0,kgtam-byte,2026-05-01,23:17:50,-07:00,2026-05-01T23:17:50-07:00,4,31
projects/projects.js,93,js,59ef4dd0,kgtam-byte,2026-05-01,23:17:50,-07:00,2026-05-01T23:17:50-07:00,4,46
projects/projects.js,94,js,59ef4dd0,kgtam-byte,2026-05-01,23:17:50,-07:00,2026-05-01T23:17:50-07:00,4,86
projects/projects.js,95,js,59ef4dd0,kgtam-byte,2026-05-01,23:17:50,-07:00,2026-05-01T23:17:50-07:00,4,56
projects/projects.js,96,js,59ef4dd0,kgtam-byte,2026-05-01,23:17:50,-07:00,2026-05-01T23:17:50-07:00,3,0
projects/projects.js,97,js,59ef4dd0,kgtam-byte,2026-05-01,23:17:50,-07:00,2026-05-01T23:17:50-07:00,2,1
projects/projects.js,98,js,59ef4dd0,kgtam-byte,2026-05-01,23:17:50,-07:00,2026-05-01T23:17:50-07:00,0,1
projects/projects.js,99,js,59ef4dd0,kgtam-byte,2026-05-01,23:17:50,-07:00,2026-05-01T23:17:50-07:00,0,0
projects/projects.js,100,js,59ef4dd0,kgtam-byte,2026-05-01,23:17:50,-07:00,2026-05-01T23:17:50-07:00,1,32
projects/projects.js,101,js,59ef4dd0,kgtam-byte,2026-05-01,23:17:50,-07:00,2026-05-01T23:17:50-07:00,1,14
projects/projects.js,102,js,59ef4dd0,kgtam-byte,2026-05-01,23:17:50,-07:00,2026-05-01T23:17:50-07:00,1,27
projects/projects.js,103,js,59ef4dd0,kgtam-byte,2026-05-01,23:17:50,-07:00,2026-05-01T23:17:50-07:00,2,4
projects/projects.js,104,js,59ef4dd0,kgtam-byte,2026-05-01,23:17:50,-07:00,2026-05-01T23:17:50-07:00,3,11
projects/projects.js,105,js,59ef4dd0,kgtam-byte,2026-05-01,23:17:50,-07:00,2026-05-01T23:17:50-07:00,3,38
projects/projects.js,106,js,59ef4dd0,kgtam-byte,2026-05-01,23:17:50,-07:00,2026-05-01T23:17:50-07:00,3,27
projects/projects.js,107,js,59ef4dd0,kgtam-byte,2026-05-01,23:17:50,-07:00,2026-05-01T23:17:50-07:00,3,68
projects/projects.js,108,js,59ef4dd0,kgtam-byte,2026-05-01,23:17:50,-07:00,2026-05-01T23:17:50-07:00,3,18
projects/projects.js,109,js,59ef4dd0,kgtam-byte,2026-05-01,23:17:50,-07:00,2026-05-01T23:17:50-07:00,4,47
projects/projects.js,110,js,59ef4dd0,kgtam-byte,2026-05-01,23:17:50,-07:00,2026-05-01T23:17:50-07:00,3,0
projects/projects.js,111,js,59ef4dd0,kgtam-byte,2026-05-01,23:17:50,-07:00,2026-05-01T23:17:50-07:00,4,1
projects/projects.js,112,js,59ef4dd0,kgtam-byte,2026-05-01,23:17:50,-07:00,2026-05-01T23:17:50-07:00,5,16
projects/projects.js,113,js,59ef4dd0,kgtam-byte,2026-05-01,23:17:50,-07:00,2026-05-01T23:17:50-07:00,5,62
projects/projects.js,114,js,59ef4dd0,kgtam-byte,2026-05-01,23:17:50,-07:00,2026-05-01T23:17:50-07:00,0,0
projects/projects.js,115,js,59ef4dd0,kgtam-byte,2026-05-01,23:17:50,-07:00,2026-05-01T23:17:50-07:00,4,4
projects/projects.js,116,js,59ef4dd0,kgtam-byte,2026-05-01,23:17:50,-07:00,2026-05-01T23:17:50-07:00,5,14
projects/projects.js,117,js,59ef4dd0,kgtam-byte,2026-05-01,23:17:50,-07:00,2026-05-01T23:17:50-07:00,5,62
projects/projects.js,118,js,59ef4dd0,kgtam-byte,2026-05-01,23:17:50,-07:00,2026-05-01T23:17:50-07:00,0,0
projects/projects.js,119,js,59ef4dd0,kgtam-byte,2026-05-01,23:17:50,-07:00,2026-05-01T23:17:50-07:00,5,25
projects/projects.js,120,js,59ef4dd0,kgtam-byte,2026-05-01,23:17:50,-07:00,2026-05-01T23:17:50-07:00,6,53
projects/projects.js,121,js,59ef4dd0,kgtam-byte,2026-05-01,23:17:50,-07:00,2026-05-01T23:17:50-07:00,5,6
projects/projects.js,122,js,59ef4dd0,kgtam-byte,2026-05-01,23:17:50,-07:00,2026-05-01T23:17:50-07:00,6,52
projects/projects.js,123,js,59ef4dd0,kgtam-byte,2026-05-01,23:17:50,-07:00,2026-05-01T23:17:50-07:00,6,31
projects/projects.js,124,js,59ef4dd0,kgtam-byte,2026-05-01,23:17:50,-07:00,2026-05-01T23:17:50-07:00,6,46
projects/projects.js,125,js,59ef4dd0,kgtam-byte,2026-05-01,23:17:50,-07:00,2026-05-01T23:17:50-07:00,6,86
projects/projects.js,126,js,59ef4dd0,kgtam-byte,2026-05-01,23:17:50,-07:00,2026-05-01T23:17:50-07:00,6,56
projects/projects.js,127,js,59ef4dd0,kgtam-byte,2026-05-01,23:17:50,-07:00,2026-05-01T23:17:50-07:00,5,0
projects/projects.js,128,js,59ef4dd0,kgtam-byte,2026-05-01,23:17:50,-07:00,2026-05-01T23:17:50-07:00,0,0
projects/projects.js,129,js,59ef4dd0,kgtam-byte,2026-05-01,23:17:50,-07:00,2026-05-01T23:17:50-07:00,3,1
projects/projects.js,130,js,59ef4dd0,kgtam-byte,2026-05-01,23:17:50,-07:00,2026-05-01T23:17:50-07:00,1,1
projects/projects.js,131,js,59ef4dd0,kgtam-byte,2026-05-01,23:17:50,-07:00,2026-05-01T23:17:50-07:00,0,0
projects/projects.js,132,js,59ef4dd0,kgtam-byte,2026-05-01,23:17:50,-07:00,2026-05-01T23:17:50-07:00,0,0
projects/projects.js,133,js,59ef4dd0,kgtam-byte,2026-05-01,23:17:50,-07:00,2026-05-01T23:17:50-07:00,0,32
projects/projects.js,134,js,59ef4dd0,kgtam-byte,2026-05-01,23:17:50,-07:00,2026-05-01T23:17:50-07:00,0,23
projects/projects.js,135,js,59ef4dd0,kgtam-byte,2026-05-01,23:17:50,-07:00,2026-05-01T23:17:50-07:00,0,0
projects/projects.js,136,js,59ef4dd0,kgtam-byte,2026-05-01,23:17:50,-07:00,2026-05-01T23:17:50-07:00,0,13
projects/projects.js,137,js,59ef4dd0,kgtam-byte,2026-05-01,23:17:50,-07:00,2026-05-01T23:17:50-07:00,0,53
projects/projects.js,138,js,59ef4dd0,kgtam-byte,2026-05-01,23:17:50,-07:00,2026-05-01T23:17:50-07:00,0,0
projects/projects.js,139,js,59ef4dd0,kgtam-byte,2026-05-01,23:17:50,-07:00,2026-05-01T23:17:50-07:00,0,49
projects/projects.js,140,js,59ef4dd0,kgtam-byte,2026-05-01,23:17:50,-07:00,2026-05-01T23:17:50-07:00,1,19
projects/projects.js,141,js,59ef4dd0,kgtam-byte,2026-05-01,23:17:50,-07:00,2026-05-01T23:17:50-07:00,1,25
projects/projects.js,142,js,59ef4dd0,kgtam-byte,2026-05-01,23:17:50,-07:00,2026-05-01T23:17:50-07:00,1,16
projects/projects.js,143,js,59ef4dd0,kgtam-byte,2026-05-01,23:17:50,-07:00,2026-05-01T23:17:50-07:00,0,0
projects/projects.js,144,js,59ef4dd0,kgtam-byte,2026-05-01,23:17:50,-07:00,2026-05-01T23:17:50-07:00,1,51
projects/projects.js,145,js,59ef4dd0,kgtam-byte,2026-05-01,23:17:50,-07:00,2026-05-01T23:17:50-07:00,2,59
projects/projects.js,146,js,59ef4dd0,kgtam-byte,2026-05-01,23:17:50,-07:00,2026-05-01T23:17:50-07:00,2,42
projects/projects.js,147,js,59ef4dd0,kgtam-byte,2026-05-01,23:17:50,-07:00,2026-05-01T23:17:50-07:00,1,1
projects/projects.js,148,js,59ef4dd0,kgtam-byte,2026-05-01,23:17:50,-07:00,2026-05-01T23:17:50-07:00,1,25
projects/projects.js,149,js,59ef4dd0,kgtam-byte,2026-05-01,23:17:50,-07:00,2026-05-01T23:17:50-07:00,1,56
projects/projects.js,150,js,59ef4dd0,kgtam-byte,2026-05-01,23:17:50,-07:00,2026-05-01T23:17:50-07:00,1,31
projects/projects.js,151,js,59ef4dd0,kgtam-byte,2026-05-01,23:17:50,-07:00,2026-05-01T23:17:50-07:00,0,1
projects/projects.js,152,js,59ef4dd0,kgtam-byte,2026-05-01,23:17:50,-07:00,2026-05-01T23:17:50-07:00,0,0
projects/projects.js,153,js,59ef4dd0,kgtam-byte,2026-05-01,23:17:50,-07:00,2026-05-01T23:17:50-07:00,0,0
projects/projects.js,154,js,59ef4dd0,kgtam-byte,2026-05-01,23:17:50,-07:00,2026-05-01T23:17:50-07:00,0,21
projects/index.html,1,html,43115156,kgtam-byte,2026-04-03,18:10:54,-07:00,2026-04-03T18:10:54-07:00,0,13
projects/index.html,2,html,43115156,kgtam-byte,2026-04-03,18:10:54,-07:00,2026-04-03T18:10:54-07:00,0,14
projects/index.html,3,html,43115156,kgtam-byte,2026-04-03,18:10:54,-07:00,2026-04-03T18:10:54-07:00,0,4
projects/index.html,4,html,43115156,kgtam-byte,2026-04-03,18:10:54,-07:00,2026-04-03T18:10:54-07:00,2,20
projects/index.html,5,html,43115156,kgtam-byte,2026-04-03,18:10:54,-07:00,2026-04-03T18:10:54-07:00,2,68
projects/index.html,6,html,43115156,kgtam-byte,2026-04-03,18:10:54,-07:00,2026-04-03T18:10:54-07:00,2,25
projects/index.html,7,html,f49aa3fc,kgtam-byte,2026-04-03,22:35:10,-07:00,2026-04-03T22:35:10-07:00,2,41
projects/index.html,8,html,5a428b77,kgtam-byte,2026-04-25,22:03:40,-07:00,2026-04-25T22:03:40-07:00,2,48
projects/index.html,9,html,43115156,kgtam-byte,2026-04-03,18:10:54,-07:00,2026-04-03T18:10:54-07:00,0,5
projects/index.html,10,html,43115156,kgtam-byte,2026-04-03,18:10:54,-07:00,2026-04-03T18:10:54-07:00,0,4
projects/index.html,11,html,5a428b77,kgtam-byte,2026-04-25,22:03:40,-07:00,2026-04-25T22:03:40-07:00,2,38
projects/index.html,12,html,5a428b77,kgtam-byte,2026-04-25,22:03:40,-07:00,2026-04-25T22:03:40-07:00,0,0
projects/index.html,13,html,59ef4dd0,kgtam-byte,2026-05-01,23:17:50,-07:00,2026-05-01T23:17:50-07:00,2,28
projects/index.html,14,html,59ef4dd0,kgtam-byte,2026-05-01,23:17:50,-07:00,2026-05-01T23:17:50-07:00,4,0
projects/index.html,15,html,59ef4dd0,kgtam-byte,2026-05-01,23:17:50,-07:00,2026-05-01T23:17:50-07:00,4,21
projects/index.html,16,html,59ef4dd0,kgtam-byte,2026-05-01,23:17:50,-07:00,2026-05-01T23:17:50-07:00,6,54
projects/index.html,17,html,59ef4dd0,kgtam-byte,2026-05-01,23:17:50,-07:00,2026-05-01T23:17:50-07:00,6,22
projects/index.html,18,html,59ef4dd0,kgtam-byte,2026-05-01,23:17:50,-07:00,2026-05-01T23:17:50-07:00,4,4
projects/index.html,19,html,59ef4dd0,kgtam-byte,2026-05-01,23:17:50,-07:00,2026-05-01T23:17:50-07:00,0,0
projects/index.html,20,html,59ef4dd0,kgtam-byte,2026-05-01,23:17:50,-07:00,2026-05-01T23:17:50-07:00,4,4
projects/index.html,21,html,59ef4dd0,kgtam-byte,2026-05-01,23:17:50,-07:00,2026-05-01T23:17:50-07:00,6,15
projects/index.html,22,html,59ef4dd0,kgtam-byte,2026-05-01,23:17:50,-07:00,2026-05-01T23:17:50-07:00,6,11
projects/index.html,23,html,59ef4dd0,kgtam-byte,2026-05-01,23:17:50,-07:00,2026-05-01T23:17:50-07:00,6,26
projects/index.html,24,html,59ef4dd0,kgtam-byte,2026-05-01,23:17:50,-07:00,2026-05-01T23:17:50-07:00,6,31
projects/index.html,25,html,59ef4dd0,kgtam-byte,2026-05-01,23:17:50,-07:00,2026-05-01T23:17:50-07:00,4,0
projects/index.html,26,html,59ef4dd0,kgtam-byte,2026-05-01,23:17:50,-07:00,2026-05-01T23:17:50-07:00,4,0
projects/index.html,27,html,59ef4dd0,kgtam-byte,2026-05-01,23:17:50,-07:00,2026-05-01T23:17:50-07:00,4,20
projects/index.html,28,html,59ef4dd0,kgtam-byte,2026-05-01,23:17:50,-07:00,2026-05-01T23:17:50-07:00,4,4
projects/index.html,29,html,5973693f,kgtam-byte,2026-04-11,22:36:53,-07:00,2026-04-11T22:36:53-07:00,2,4
projects/index.html,30,html,59ef4dd0,kgtam-byte,2026-05-01,23:17:50,-07:00,2026-05-01T23:17:50-07:00,4,0
projects/index.html,31,html,43115156,kgtam-byte,2026-04-03,18:10:54,-07:00,2026-04-03T18:10:54-07:00,0,0
projects/index.html,32,html,5a428b77,kgtam-byte,2026-04-25,22:03:40,-07:00,2026-04-25T22:03:40-07:00,2,49
projects/index.html,33,html,9de97534,kgtam-byte,2026-04-17,22:36:06,-07:00,2026-04-17T22:36:06-07:00,2,8
projects/index.html,34,html,43115156,kgtam-byte,2026-04-03,18:10:54,-07:00,2026-04-03T18:10:54-07:00,4,2
projects/index.html,35,html,1985f78b,kgtam-byte,2026-04-03,21:10:11,-07:00,2026-04-03T21:10:11-07:00,6,41
projects/index.html,36,html,5973693f,kgtam-byte,2026-04-11,22:36:53,-07:00,2026-04-11T22:36:53-07:00,6,58
projects/index.html,37,html,1985f78b,kgtam-byte,2026-04-03,21:10:11,-07:00,2026-04-03T21:10:11-07:00,6,52
projects/index.html,38,html,b5a1b699,kgtam-byte,2026-04-03,22:10:42,-07:00,2026-04-03T22:10:42-07:00,6,50
projects/index.html,39,html,ede4a1cc,kgtam-byte,2026-04-03,18:51:08,-07:00,2026-04-03T18:51:08-07:00,6,82
projects/index.html,40,html,43115156,kgtam-byte,2026-04-03,18:10:54,-07:00,2026-04-03T18:10:54-07:00,4,3
projects/index.html,41,html,9de97534,kgtam-byte,2026-04-17,22:36:06,-07:00,2026-04-17T22:36:06-07:00,2,8
projects/index.html,42,html,43115156,kgtam-byte,2026-04-03,18:10:54,-07:00,2026-04-03T18:10:54-07:00,0,0
projects/index.html,43,html,43115156,kgtam-byte,2026-04-03,18:10:54,-07:00,2026-04-03T18:10:54-07:00,0,5
projects/index.html,44,html,43115156,kgtam-byte,2026-04-03,18:10:54,-07:00,2026-04-03T18:10:54-07:00,0,5
contact/index.html,1,html,43115156,kgtam-byte,2026-04-03,18:10:54,-07:00,2026-04-03T18:10:54-07:00,0,13
contact/index.html,2,html,43115156,kgtam-byte,2026-04-03,18:10:54,-07:00,2026-04-03T18:10:54-07:00,0,14
contact/index.html,3,html,43115156,kgtam-byte,2026-04-03,18:10:54,-07:00,2026-04-03T18:10:54-07:00,0,4
contact/index.html,4,html,43115156,kgtam-byte,2026-04-03,18:10:54,-07:00,2026-04-03T18:10:54-07:00,2,20
contact/index.html,5,html,43115156,kgtam-byte,2026-04-03,18:10:54,-07:00,2026-04-03T18:10:54-07:00,2,68
contact/index.html,6,html,43115156,kgtam-byte,2026-04-03,18:10:54,-07:00,2026-04-03T18:10:54-07:00,2,24
contact/index.html,7,html,f49aa3fc,kgtam-byte,2026-04-03,22:35:10,-07:00,2026-04-03T22:35:10-07:00,2,41
contact/index.html,8,html,5a428b77,kgtam-byte,2026-04-25,22:03:40,-07:00,2026-04-25T22:03:40-07:00,2,48
contact/index.html,9,html,43115156,kgtam-byte,2026-04-03,18:10:54,-07:00,2026-04-03T18:10:54-07:00,0,5
contact/index.html,10,html,43115156,kgtam-byte,2026-04-03,18:10:54,-07:00,2026-04-03T18:10:54-07:00,0,4
contact/index.html,11,html,43115156,kgtam-byte,2026-04-03,18:10:54,-07:00,2026-04-03T18:10:54-07:00,2,14
contact/index.html,12,html,43115156,kgtam-byte,2026-04-03,18:10:54,-07:00,2026-04-03T18:10:54-07:00,0,0
contact/index.html,13,html,0625dd94,kgtam-byte,2026-04-03,18:48:44,-07:00,2026-04-03T18:48:44-07:00,2,70
contact/index.html,14,html,ede4a1cc,kgtam-byte,2026-04-03,18:51:08,-07:00,2026-04-03T18:51:08-07:00,0,0
contact/index.html,15,html,0625dd94,kgtam-byte,2026-04-03,18:48:44,-07:00,2026-04-03T18:48:44-07:00,4,5
contact/index.html,16,html,0625dd94,kgtam-byte,2026-04-03,18:48:44,-07:00,2026-04-03T18:48:44-07:00,6,4
contact/index.html,17,html,0625dd94,kgtam-byte,2026-04-03,18:48:44,-07:00,2026-04-03T18:48:44-07:00,6,31
contact/index.html,18,html,0625dd94,kgtam-byte,2026-04-03,18:48:44,-07:00,2026-04-03T18:48:44-07:00,4,6
contact/index.html,19,html,0625dd94,kgtam-byte,2026-04-03,18:48:44,-07:00,2026-04-03T18:48:44-07:00,0,0
contact/index.html,20,html,0625dd94,kgtam-byte,2026-04-03,18:48:44,-07:00,2026-04-03T18:48:44-07:00,4,5
contact/index.html,21,html,0625dd94,kgtam-byte,2026-04-03,18:48:44,-07:00,2026-04-03T18:48:44-07:00,6,6
contact/index.html,22,html,0625dd94,kgtam-byte,2026-04-03,18:48:44,-07:00,2026-04-03T18:48:44-07:00,6,32
contact/index.html,23,html,0625dd94,kgtam-byte,2026-04-03,18:48:44,-07:00,2026-04-03T18:48:44-07:00,4,6
contact/index.html,24,html,0625dd94,kgtam-byte,2026-04-03,18:48:44,-07:00,2026-04-03T18:48:44-07:00,0,0
contact/index.html,25,html,0625dd94,kgtam-byte,2026-04-03,18:48:44,-07:00,2026-04-03T18:48:44-07:00,4,5
contact/index.html,26,html,0625dd94,kgtam-byte,2026-04-03,18:48:44,-07:00,2026-04-03T18:48:44-07:00,6,6
contact/index.html,27,html,0625dd94,kgtam-byte,2026-04-03,18:48:44,-07:00,2026-04-03T18:48:44-07:00,6,31
contact/index.html,28,html,0625dd94,kgtam-byte,2026-04-03,18:48:44,-07:00,2026-04-03T18:48:44-07:00,4,6
contact/index.html,29,html,0625dd94,kgtam-byte,2026-04-03,18:48:44,-07:00,2026-04-03T18:48:44-07:00,0,0
contact/index.html,30,html,0625dd94,kgtam-byte,2026-04-03,18:48:44,-07:00,2026-04-03T18:48:44-07:00,4,21
contact/index.html,31,html,0625dd94,kgtam-byte,2026-04-03,18:48:44,-07:00,2026-04-03T18:48:44-07:00,0,0
contact/index.html,32,html,0625dd94,kgtam-byte,2026-04-03,18:48:44,-07:00,2026-04-03T18:48:44-07:00,2,5
contact/index.html,33,html,0625dd94,kgtam-byte,2026-04-03,18:48:44,-07:00,2026-04-03T18:48:44-07:00,0,0
contact/index.html,34,html,9de97534,kgtam-byte,2026-04-17,22:36:06,-07:00,2026-04-17T22:36:06-07:00,2,8
contact/index.html,35,html,43115156,kgtam-byte,2026-04-03,18:10:54,-07:00,2026-04-03T18:10:54-07:00,4,2
contact/index.html,36,html,1985f78b,kgtam-byte,2026-04-03,21:10:11,-07:00,2026-04-03T21:10:11-07:00,6,41
contact/index.html,37,html,1985f78b,kgtam-byte,2026-04-03,21:10:11,-07:00,2026-04-03T21:10:11-07:00,6,54
contact/index.html,38,html,5973693f,kgtam-byte,2026-04-11,22:36:53,-07:00,2026-04-11T22:36:53-07:00,6,57
contact/index.html,39,html,b5a1b699,kgtam-byte,2026-04-03,22:10:42,-07:00,2026-04-03T22:10:42-07:00,6,50
contact/index.html,40,html,ede4a1cc,kgtam-byte,2026-04-03,18:51:08,-07:00,2026-04-03T18:51:08-07:00,6,82
contact/index.html,41,html,43115156,kgtam-byte,2026-04-03,18:10:54,-07:00,2026-04-03T18:10:54-07:00,4,3
contact/index.html,42,html,9de97534,kgtam-byte,2026-04-17,22:36:06,-07:00,2026-04-17T22:36:06-07:00,2,8
contact/index.html,43,html,43115156,kgtam-byte,2026-04-03,18:10:54,-07:00,2026-04-03T18:10:54-07:00,0,0
contact/index.html,44,html,43115156,kgtam-byte,2026-04-03,18:10:54,-07:00,2026-04-03T18:10:54-07:00,0,5
contact/index.html,45,html,43115156,kgtam-byte,2026-04-03,18:10:54,-07:00,2026-04-03T18:10:54-07:00,0,5
